Well Row,Well Col,Content,Raw Data (600),Raw Data (600),Raw Data (600),Raw Data (600),Raw Data (600),Raw Data (600),Raw Data (600),Raw Data (600),Raw Data (600),Raw Data (600),Raw Data (600),Raw Data (600),Raw Data (600),Raw Data (600),Raw Data (600),Raw Data (600),Raw Data (600),Raw Data (600),Raw Data (600),Raw Data (600),Raw Data (600),Raw Data (600),Raw Data (600),Raw Data (600),Raw Data (600),Raw Data (600),Raw Data (600),Raw Data (600),Raw Data (600),Raw Data (600),Raw Data (600),Raw Data (600),Raw Data (600),Raw Data (600),Raw Data (600),Raw Data (600),Raw Data (600),Raw Data (600),Raw Data (600),Raw Data (600),Raw Data (600),Raw Data (600),Raw Data (600),Raw Data (600),Raw Data (600),Raw Data (600),Raw Data (600),Raw Data (600),Raw Data (600),Raw Data (600),Raw Data (600),Raw Data (600),Raw Data (600),Raw Data (600),Raw Data (600),Raw Data (600),Raw Data (600),Raw Data (600),Raw Data (600),Raw Data (600),Raw Data (600),Raw Data (600),Blank corrected based on Raw Data (600),Blank corrected based on Raw Data (600),Blank corrected based on Raw Data (600),Blank corrected based on Raw Data (600),Blank corrected based on Raw Data (600),Blank corrected based on Raw Data (600),Blank corrected based on Raw Data (600),Blank corrected based on Raw Data (600),Blank corrected based on Raw Data (600),Blank corrected based on Raw Data (600),Blank corrected based on Raw Data (600),Blank corrected based on Raw Data (600),Blank corrected based on Raw Data (600),Blank corrected based on Raw Data (600),Blank corrected based on Raw Data (600),Blank corrected based on Raw Data (600),Blank corrected based on Raw Data (600),Blank corrected based on Raw Data (600),Blank corrected based on Raw Data (600),Blank corrected based on Raw Data (600),Blank corrected based on Raw Data (600),Blank corrected based on Raw Data (600),Blank corrected based on Raw Data (600),Blank corrected based on Raw Data (600),Blank corrected based on Raw Data (600),Blank corrected based on Raw Data (600),Blank corrected based on Raw Data (600),Blank corrected based on Raw Data (600),Blank corrected based on Raw Data (600),Blank corrected based on Raw Data (600),Blank corrected based on Raw Data (600),Blank corrected based on Raw Data (600),Blank corrected based on Raw Data (600),Blank corrected based on Raw Data (600),Blank corrected based on Raw Data (600),Blank corrected based on Raw Data (600),Blank corrected based on Raw Data (600),Blank corrected based on Raw Data (600),Blank corrected based on Raw Data (600),Blank corrected based on Raw Data (600),Blank corrected based on Raw Data (600),Blank corrected based on Raw Data (600),Blank corrected based on Raw Data (600),Blank corrected based on Raw Data (600),Blank corrected based on Raw Data (600),Blank corrected based on Raw Data (600),Blank corrected based on Raw Data (600),Blank corrected based on Raw Data (600),Blank corrected based on Raw Data (600),Blank corrected based on Raw Data (600),Blank corrected based on Raw Data (600),Blank corrected based on Raw Data (600),Blank corrected based on Raw Data (600),Blank corrected based on Raw Data (600),Blank corrected based on Raw Data (600),Blank corrected based on Raw Data (600),Blank corrected based on Raw Data (600),Blank corrected based on Raw Data (600),Blank corrected based on Raw Data (600),Blank corrected based on Raw Data (600),Blank corrected based on Raw Data (600),Blank corrected based on Raw Data (600),
,,Time,0 h ,0 h 45 min,1 h 29 min,2 h 13 min,2 h 58 min,3 h 42 min,4 h 27 min,5 h 11 min,5 h 56 min,6 h 40 min,7 h 24 min,8 h 9 min,8 h 53 min,9 h 38 min,10 h 22 min,11 h 6 min,11 h 51 min,12 h 35 min,13 h 19 min,14 h 4 min,14 h 48 min,15 h 32 min,16 h 17 min,17 h 1 min,17 h 45 min,18 h 30 min,19 h 14 min,19 h 58 min,20 h 42 min,21 h 26 min,22 h 11 min,22 h 56 min,23 h 40 min,24 h 25 min,25 h 10 min,25 h 55 min,26 h 40 min,27 h 24 min,28 h 9 min,28 h 54 min,29 h 39 min,30 h 23 min,31 h 8 min,31 h 53 min,32 h 38 min,33 h 23 min,34 h 7 min,34 h 52 min,35 h 37 min,36 h 22 min,37 h 6 min,37 h 51 min,38 h 36 min,39 h 21 min,40 h 6 min,40 h 50 min,41 h 35 min,42 h 20 min,43 h 5 min,43 h 49 min,44 h 34 min,45 h 19 min,0 h ,0 h 45 min,1 h 29 min,2 h 13 min,2 h 58 min,3 h 42 min,4 h 27 min,5 h 11 min,5 h 56 min,6 h 40 min,7 h 24 min,8 h 9 min,8 h 53 min,9 h 38 min,10 h 22 min,11 h 6 min,11 h 51 min,12 h 35 min,13 h 19 min,14 h 4 min,14 h 48 min,15 h 32 min,16 h 17 min,17 h 1 min,17 h 45 min,18 h 30 min,19 h 14 min,19 h 58 min,20 h 42 min,21 h 26 min,22 h 11 min,22 h 56 min,23 h 40 min,24 h 25 min,25 h 10 min,25 h 55 min,26 h 40 min,27 h 24 min,28 h 9 min,28 h 54 min,29 h 39 min,30 h 23 min,31 h 8 min,31 h 53 min,32 h 38 min,33 h 23 min,34 h 7 min,34 h 52 min,35 h 37 min,36 h 22 min,37 h 6 min,37 h 51 min,38 h 36 min,39 h 21 min,40 h 6 min,40 h 50 min,41 h 35 min,42 h 20 min,43 h 5 min,43 h 49 min,44 h 34 min,45 h 19 min,
A,1,Blank B,0.04,0.034,0.035,0.035,0.032,0.035,0.034,0.036,0.034,0.036,0.033,0.036,0.035,0.037,0.038,0.038,0.035,0.033,0.035,0.037,0.036,0.039,0.037,0.038,0.036,0.035,0.036,0.034,0.036,0.036,0.035,0.038,0.037,0.036,0.037,0.037,0.037,0.039,0.042,0.038,0.039,0.041,0.071,0.053,0.042,0.061,0.041,0.065,0.091,0.056,0.053,0.06,0.042,0.106,0.048,0.074,0.058,0.065,0.099,0.117,0.082,0.138,,,,,,,,,,,,,,,,,,,,,,,,,,,,,,,,,,,,,,,,,,,,,,,,,,,,,,,,,,,,,,,
A,2,Blank B,0.037,0.036,0.035,0.036,0.034,0.037,0.032,0.034,0.034,0.037,0.033,0.035,0.037,0.036,0.039,0.035,0.036,0.035,0.038,0.037,0.039,0.038,0.038,0.037,0.036,0.037,0.036,0.038,0.038,0.035,0.036,0.039,0.037,0.037,0.037,0.036,0.038,0.035,0.037,0.036,0.04,0.041,0.043,0.042,0.04,0.039,0.039,0.038,0.037,0.038,0.038,0.037,0.038,0.037,0.041,0.041,0.037,0.04,0.044,0.037,0.043,0.046,,,,,,,,,,,,,,,,,,,,,,,,,,,,,,,,,,,,,,,,,,,,,,,,,,,,,,,,,,,,,,,
A,3,Blank B,0.034,0.035,0.03,0.035,0.029,0.032,0.029,0.031,0.03,0.034,0.031,0.033,0.033,0.035,0.035,0.034,0.032,0.032,0.032,0.033,0.036,0.036,0.034,0.037,0.031,0.034,0.035,0.033,0.037,0.035,0.035,0.037,0.037,0.037,0.036,0.034,0.036,0.033,0.037,0.036,0.037,0.038,0.037,0.039,0.036,0.037,0.035,0.035,0.032,0.034,0.036,0.036,0.035,0.035,0.04,0.036,0.036,0.038,0.039,0.039,0.037,0.039,,,,,,,,,,,,,,,,,,,,,,,,,,,,,,,,,,,,,,,,,,,,,,,,,,,,,,,,,,,,,,,
A,4,Blank B,0.034,0.032,0.033,0.033,0.033,0.033,0.028,0.033,0.032,0.033,0.032,0.032,0.035,0.034,0.033,0.035,0.033,0.032,0.036,0.034,0.037,0.036,0.035,0.037,0.035,0.032,0.036,0.035,0.035,0.033,0.035,0.038,0.035,0.039,0.035,0.035,0.037,0.035,0.037,0.039,0.036,0.04,0.039,0.039,0.038,0.041,0.035,0.034,0.035,0.035,0.036,0.037,0.037,0.038,0.037,0.037,0.035,0.037,0.043,0.04,0.039,0.039,,,,,,,,,,,,,,,,,,,,,,,,,,,,,,,,,,,,,,,,,,,,,,,,,,,,,,,,,,,,,,,
A,5,Blank B,0.035,0.032,0.034,0.032,0.032,0.034,0.032,0.031,0.029,0.032,0.028,0.03,0.035,0.035,0.033,0.034,0.033,0.032,0.035,0.034,0.034,0.036,0.031,0.038,0.035,0.031,0.032,0.035,0.035,0.035,0.035,0.036,0.035,0.035,0.035,0.036,0.035,0.035,0.038,0.035,0.037,0.038,0.036,0.035,0.037,0.035,0.035,0.035,0.033,0.035,0.035,0.035,0.036,0.035,0.039,0.035,0.035,0.037,0.038,0.038,0.036,0.037,,,,,,,,,,,,,,,,,,,,,,,,,,,,,,,,,,,,,,,,,,,,,,,,,,,,,,,,,,,,,,,
A,6,Blank B,0.033,0.033,0.031,0.031,0.033,0.031,0.031,0.03,0.03,0.033,0.031,0.033,0.035,0.033,0.034,0.032,0.033,0.036,0.034,0.034,0.034,0.035,0.033,0.035,0.036,0.033,0.033,0.033,0.036,0.035,0.036,0.036,0.034,0.035,0.037,0.036,0.035,0.033,0.038,0.034,0.035,0.039,0.038,0.037,0.038,0.037,0.039,0.035,0.036,0.038,0.037,0.035,0.036,0.037,0.038,0.039,0.034,0.038,0.039,0.037,0.041,0.038,,,,,,,,,,,,,,,,,,,,,,,,,,,,,,,,,,,,,,,,,,,,,,,,,,,,,,,,,,,,,,,
A,7,Blank B,0.034,0.036,0.033,0.033,0.033,0.033,0.032,0.032,0.031,0.035,0.033,0.035,0.034,0.034,0.035,0.036,0.035,0.035,0.035,0.036,0.037,0.039,0.034,0.037,0.037,0.035,0.036,0.039,0.037,0.036,0.037,0.039,0.035,0.042,0.036,0.035,0.037,0.037,0.036,0.036,0.048,0.041,0.04,0.036,0.04,0.038,0.037,0.035,0.036,0.034,0.038,0.039,0.037,0.041,0.038,0.037,0.043,0.039,0.041,0.043,0.039,0.05,,,,,,,,,,,,,,,,,,,,,,,,,,,,,,,,,,,,,,,,,,,,,,,,,,,,,,,,,,,,,,,
A,8,Blank B,0.036,0.033,0.033,0.033,0.032,0.036,0.032,0.032,0.033,0.035,0.033,0.035,0.035,0.036,0.036,0.035,0.034,0.034,0.037,0.037,0.037,0.037,0.037,0.039,0.036,0.034,0.043,0.036,0.035,0.035,0.038,0.037,0.036,0.037,0.036,0.035,0.038,0.034,0.038,0.037,0.036,0.039,0.037,0.04,0.055,0.038,0.038,0.037,0.037,0.039,0.038,0.035,0.037,0.037,0.04,0.038,0.037,0.043,0.04,0.038,0.04,0.042,,,,,,,,,,,,,,,,,,,,,,,,,,,,,,,,,,,,,,,,,,,,,,,,,,,,,,,,,,,,,,,
A,9,Blank B,0.035,0.033,0.031,0.032,0.032,0.031,0.034,0.032,0.032,0.033,0.031,0.032,0.035,0.034,0.036,0.035,0.032,0.034,0.034,0.035,0.036,0.036,0.037,0.039,0.036,0.032,0.034,0.036,0.038,0.036,0.036,0.035,0.036,0.038,0.037,0.04,0.04,0.037,0.041,0.035,0.037,0.039,0.038,0.037,0.037,0.039,0.04,0.036,0.035,0.034,0.04,0.036,0.035,0.037,0.04,0.037,0.033,0.038,0.039,0.042,0.038,0.043,,,,,,,,,,,,,,,,,,,,,,,,,,,,,,,,,,,,,,,,,,,,,,,,,,,,,,,,,,,,,,,
A,10,Blank B,0.035,0.032,0.033,0.032,0.031,0.031,0.028,0.032,0.032,0.033,0.029,0.031,0.033,0.033,0.032,0.035,0.03,0.033,0.032,0.036,0.035,0.035,0.033,0.034,0.033,0.034,0.033,0.034,0.034,0.035,0.033,0.034,0.034,0.038,0.035,0.035,0.036,0.033,0.035,0.033,0.035,0.035,0.037,0.036,0.04,0.034,0.037,0.033,0.033,0.034,0.035,0.034,0.034,0.034,0.039,0.035,0.034,0.036,0.038,0.034,0.04,0.038,,,,,,,,,,,,,,,,,,,,,,,,,,,,,,,,,,,,,,,,,,,,,,,,,,,,,,,,,,,,,,,
A,11,Blank B,0.037,0.034,0.03,0.033,0.031,0.032,0.032,0.031,0.03,0.033,0.028,0.033,0.033,0.034,0.035,0.034,0.033,0.042,0.033,0.064,0.035,0.034,0.034,0.036,0.035,0.064,0.039,0.036,0.034,0.036,0.039,0.042,0.042,0.053,0.04,0.052,0.047,0.039,0.042,0.047,0.052,0.071,0.046,0.077,0.051,0.04,0.073,0.07,0.037,0.035,0.041,0.041,0.045,0.056,0.046,0.041,0.038,0.074,0.051,0.066,0.049,0.042,,,,,,,,,,,,,,,,,,,,,,,,,,,,,,,,,,,,,,,,,,,,,,,,,,,,,,,,,,,,,,,
A,12,Blank B,0.037,0.035,0.031,0.033,0.032,0.031,0.035,0.037,0.031,0.031,0.031,0.037,0.035,0.035,0.037,0.036,0.032,0.031,0.034,0.036,0.035,0.037,0.033,0.034,0.035,0.035,0.035,0.032,0.035,0.035,0.035,0.035,0.036,0.038,0.036,0.033,0.038,0.037,0.037,0.039,0.042,0.046,0.045,0.046,0.044,0.041,0.04,0.042,0.041,0.036,0.04,0.037,0.038,0.04,0.04,0.039,0.036,0.04,0.037,0.039,0.037,0.044,,,,,,,,,,,,,,,,,,,,,,,,,,,,,,,,,,,,,,,,,,,,,,,,,,,,,,,,,,,,,,,
B,1,Blank B,0.035,0.027,0.03,0.033,0.031,0.031,0.028,0.033,0.028,0.032,0.029,0.032,0.031,0.031,0.033,0.03,0.032,0.029,0.032,0.035,0.032,0.034,0.033,0.033,0.032,0.031,0.032,0.031,0.032,0.031,0.029,0.033,0.032,0.032,0.031,0.031,0.034,0.034,0.034,0.032,0.033,0.032,0.036,0.032,0.035,0.035,0.035,0.034,0.03,0.032,0.032,0.032,0.033,0.034,0.034,0.033,0.032,0.035,0.035,0.034,0.034,0.037,,,,,,,,,,,,,,,,,,,,,,,,,,,,,,,,,,,,,,,,,,,,,,,,,,,,,,,,,,,,,,,
B,2,Sample X1,0.033,0.032,0.038,0.049,0.063,0.089,0.123,0.172,0.228,0.284,0.312,0.356,0.348,0.355,0.371,0.374,0.385,0.402,0.421,0.441,0.463,0.474,0.49,0.507,0.518,0.535,0.546,0.565,0.575,0.586,0.598,0.617,0.622,0.64,0.644,0.625,0.674,0.673,0.671,0.694,0.681,0.705,0.72,0.721,0.729,0.736,0.745,0.757,0.763,0.771,0.778,0.778,0.782,0.792,0.787,0.797,0.799,0.812,0.817,0.835,0.838,0.843,-0.003,-0.001,0.006,0.017,0.033,0.056,0.093,0.14,0.198,0.251,0.282,0.323,0.314,0.322,0.337,0.34,0.353,0.371,0.388,0.406,0.428,0.439,0.456,0.472,0.484,0.501,0.513,0.53,0.54,0.552,0.565,0.582,0.588,0.604,0.609,0.589,0.639,0.639,0.635,0.659,0.646,0.668,0.683,0.684,0.692,0.699,0.708,0.72,0.727,0.737,0.742,0.743,0.746,0.755,0.75,0.759,0.764,0.774,0.777,0.795,0.8,0.802,
B,3,Sample X2,0.033,0.031,0.034,0.048,0.06,0.088,0.107,0.147,0.204,0.247,0.29,0.328,0.329,0.337,0.365,0.383,0.398,0.419,0.435,0.461,0.475,0.486,0.498,0.516,0.516,0.537,0.567,0.575,0.588,0.61,0.611,0.64,0.65,0.659,0.664,0.674,0.7,0.712,0.718,0.74,0.737,0.749,0.73,0.762,0.772,0.776,0.779,0.792,0.778,0.794,0.801,0.794,0.794,0.808,0.796,0.813,0.813,0.82,0.819,0.816,0.826,0.825,-0.003,-0.002,0.002,0.016,0.029,0.055,0.078,0.115,0.174,0.215,0.259,0.296,0.295,0.305,0.331,0.349,0.366,0.387,0.402,0.426,0.44,0.451,0.464,0.48,0.483,0.503,0.533,0.54,0.553,0.576,0.577,0.605,0.616,0.623,0.63,0.638,0.665,0.679,0.681,0.705,0.702,0.712,0.693,0.725,0.734,0.739,0.742,0.756,0.742,0.76,0.764,0.759,0.759,0.771,0.758,0.776,0.778,0.781,0.779,0.776,0.789,0.784,
B,4,Sample X3,0.032,0.033,0.041,0.053,0.067,0.084,0.097,0.099,0.11,0.111,0.129,0.145,0.165,0.187,0.203,0.225,0.242,0.256,0.273,0.284,0.298,0.312,0.321,0.334,0.337,0.374,0.394,0.412,0.434,0.44,0.453,0.471,0.496,0.509,0.531,0.547,0.56,0.577,0.582,0.597,0.625,0.628,0.64,0.653,0.669,0.681,0.661,0.687,0.706,0.716,0.725,0.732,0.747,0.754,0.746,0.77,0.761,0.79,0.79,0.797,0.795,0.807,-0.004,-269.444E-6,0.008,0.021,0.036,0.051,0.067,0.067,0.08,0.079,0.098,0.113,0.131,0.155,0.169,0.192,0.21,0.224,0.239,0.25,0.263,0.277,0.287,0.299,0.303,0.34,0.36,0.377,0.399,0.407,0.419,0.436,0.462,0.473,0.497,0.511,0.525,0.543,0.546,0.563,0.59,0.591,0.603,0.615,0.632,0.644,0.624,0.651,0.671,0.682,0.688,0.697,0.711,0.717,0.709,0.732,0.726,0.752,0.75,0.758,0.757,0.765,
B,5,Sample X4,0.033,0.034,0.04,0.049,0.076,0.106,0.134,0.168,0.21,0.25,0.269,0.303,0.317,0.318,0.326,0.338,0.351,0.36,0.387,0.406,0.423,0.435,0.444,0.459,0.456,0.482,0.493,0.504,0.514,0.524,0.531,0.534,0.555,0.558,0.576,0.586,0.595,0.593,0.602,0.61,0.622,0.627,0.64,0.644,0.649,0.656,0.656,0.646,0.681,0.681,0.679,0.697,0.7,0.698,0.701,0.71,0.699,0.728,0.73,0.729,0.734,0.731,-0.003,930.556E-6,0.008,0.017,0.046,0.074,0.104,0.137,0.18,0.218,0.238,0.27,0.282,0.286,0.292,0.305,0.32,0.328,0.353,0.371,0.389,0.4,0.41,0.423,0.422,0.448,0.46,0.47,0.479,0.491,0.497,0.499,0.521,0.522,0.542,0.55,0.559,0.56,0.566,0.576,0.587,0.59,0.603,0.607,0.612,0.619,0.619,0.61,0.645,0.647,0.643,0.662,0.664,0.661,0.664,0.672,0.664,0.69,0.69,0.69,0.696,0.689,
B,6,Sample X5,0.035,0.036,0.041,0.061,0.086,0.093,0.14,0.194,0.235,0.283,0.318,0.34,0.337,0.346,0.362,0.364,0.391,0.394,0.422,0.445,0.454,0.469,0.486,0.496,0.513,0.532,0.536,0.55,0.562,0.575,0.582,0.595,0.606,0.619,0.637,0.639,0.65,0.648,0.654,0.668,0.673,0.679,0.691,0.689,0.702,0.704,0.712,0.721,0.719,0.723,0.731,0.732,0.739,0.737,0.729,0.74,0.745,0.754,0.758,0.75,0.756,0.756,-0.001,0.003,0.009,0.029,0.056,0.06,0.11,0.163,0.205,0.251,0.287,0.307,0.303,0.314,0.328,0.33,0.359,0.362,0.388,0.41,0.42,0.434,0.452,0.461,0.479,0.498,0.502,0.515,0.527,0.541,0.548,0.56,0.572,0.583,0.603,0.603,0.615,0.615,0.618,0.634,0.638,0.642,0.654,0.652,0.665,0.667,0.675,0.685,0.683,0.689,0.694,0.697,0.704,0.7,0.692,0.702,0.71,0.716,0.718,0.711,0.718,0.714,
B,7,Sample X6,0.035,0.034,0.036,0.051,0.065,0.074,0.12,0.176,0.224,0.271,0.317,0.347,0.351,0.37,0.378,0.375,0.399,0.406,0.426,0.455,0.473,0.482,0.5,0.512,0.526,0.54,0.551,0.571,0.584,0.589,0.606,0.615,0.625,0.63,0.648,0.661,0.669,0.662,0.671,0.676,0.694,0.696,0.703,0.71,0.713,0.717,0.722,0.736,0.732,0.734,0.747,0.749,0.752,0.761,0.756,0.764,0.771,0.764,0.775,0.783,0.782,0.79,-0.001,0.001,0.004,0.019,0.034,0.041,0.09,0.145,0.194,0.239,0.286,0.315,0.317,0.338,0.343,0.341,0.367,0.374,0.392,0.42,0.438,0.447,0.466,0.476,0.493,0.506,0.517,0.536,0.549,0.555,0.572,0.58,0.591,0.594,0.614,0.625,0.634,0.629,0.635,0.641,0.658,0.659,0.666,0.672,0.676,0.68,0.684,0.7,0.697,0.7,0.711,0.714,0.717,0.724,0.718,0.727,0.736,0.726,0.735,0.743,0.745,0.748,
B,8,Sample X7,0.034,0.035,0.036,0.052,0.069,0.08,0.12,0.15,0.203,0.261,0.305,0.361,0.375,0.381,0.399,0.395,0.416,0.424,0.444,0.461,0.477,0.493,0.513,0.523,0.519,0.549,0.563,0.575,0.593,0.603,0.616,0.646,0.65,0.657,0.691,0.689,0.688,0.71,0.723,0.736,0.745,0.744,0.762,0.764,0.769,0.771,0.786,0.799,0.788,0.79,0.791,0.795,0.791,0.797,0.793,0.805,0.82,0.798,0.806,0.803,0.814,0.812,-0.002,0.002,0.004,0.02,0.038,0.048,0.09,0.119,0.172,0.229,0.275,0.329,0.34,0.348,0.365,0.362,0.384,0.392,0.411,0.426,0.442,0.457,0.479,0.488,0.485,0.515,0.529,0.541,0.558,0.569,0.582,0.611,0.615,0.621,0.657,0.653,0.653,0.676,0.686,0.701,0.709,0.707,0.725,0.727,0.732,0.734,0.749,0.763,0.753,0.757,0.755,0.76,0.756,0.761,0.756,0.768,0.785,0.759,0.766,0.763,0.776,0.77,
B,9,Sample X8,0.036,0.035,0.039,0.06,0.08,0.087,0.093,0.1,0.115,0.111,0.127,0.149,0.17,0.194,0.224,0.236,0.256,0.263,0.276,0.29,0.3,0.32,0.329,0.342,0.351,0.369,0.399,0.419,0.435,0.447,0.458,0.485,0.494,0.513,0.536,0.551,0.558,0.584,0.589,0.6,0.627,0.628,0.638,0.666,0.685,0.679,0.694,0.718,0.703,0.721,0.742,0.742,0.747,0.755,0.752,0.778,0.785,0.781,0.791,0.797,0.799,0.797,-361.111E-6,0.001,0.007,0.028,0.05,0.054,0.063,0.069,0.085,0.079,0.096,0.117,0.136,0.161,0.19,0.203,0.224,0.231,0.243,0.255,0.266,0.284,0.295,0.307,0.318,0.335,0.366,0.385,0.4,0.414,0.424,0.45,0.46,0.477,0.502,0.515,0.523,0.55,0.553,0.565,0.592,0.591,0.601,0.629,0.648,0.642,0.657,0.682,0.668,0.687,0.705,0.707,0.712,0.718,0.715,0.74,0.751,0.743,0.751,0.758,0.762,0.755,
B,10,Sample X9,0.039,0.037,0.042,0.058,0.095,0.104,0.157,0.202,0.251,0.273,0.298,0.344,0.346,0.355,0.374,0.373,0.399,0.396,0.429,0.433,0.448,0.456,0.463,0.476,0.472,0.498,0.511,0.526,0.525,0.537,0.548,0.562,0.568,0.575,0.592,0.595,0.609,0.606,0.628,0.632,0.643,0.645,0.647,0.662,0.672,0.674,0.683,0.682,0.689,0.706,0.717,0.716,0.713,0.721,0.718,0.74,0.725,0.751,0.763,0.763,0.774,0.773,0.003,0.004,0.009,0.026,0.065,0.071,0.127,0.171,0.221,0.24,0.268,0.312,0.312,0.322,0.34,0.339,0.367,0.364,0.395,0.398,0.414,0.421,0.428,0.441,0.439,0.464,0.478,0.492,0.49,0.504,0.514,0.527,0.534,0.539,0.558,0.559,0.574,0.572,0.592,0.597,0.608,0.608,0.61,0.625,0.635,0.637,0.646,0.646,0.653,0.672,0.681,0.681,0.678,0.685,0.681,0.703,0.69,0.713,0.723,0.723,0.736,0.732,
B,11,Sample X10,0.035,0.034,0.042,0.057,0.086,0.101,0.141,0.196,0.243,0.29,0.337,0.353,0.363,0.359,0.375,0.392,0.396,0.41,0.437,0.45,0.466,0.478,0.49,0.513,0.516,0.526,0.545,0.55,0.557,0.575,0.582,0.589,0.611,0.615,0.637,0.636,0.649,0.639,0.663,0.666,0.678,0.687,0.696,0.705,0.713,0.713,0.72,0.731,0.739,0.737,0.745,0.763,0.748,0.752,0.757,0.766,0.769,0.789,0.794,0.793,0.807,0.794,-861.111E-6,0.001,0.01,0.025,0.056,0.069,0.111,0.165,0.213,0.257,0.306,0.32,0.329,0.327,0.34,0.358,0.364,0.378,0.403,0.415,0.431,0.443,0.456,0.478,0.483,0.492,0.512,0.516,0.522,0.541,0.548,0.554,0.577,0.579,0.602,0.6,0.613,0.606,0.627,0.631,0.643,0.65,0.659,0.668,0.676,0.676,0.683,0.695,0.703,0.703,0.709,0.728,0.712,0.715,0.72,0.728,0.734,0.751,0.754,0.753,0.769,0.752,
B,12,Blank B,0.036,0.033,0.031,0.033,0.03,0.034,0.03,0.03,0.029,0.03,0.032,0.033,0.033,0.03,0.034,0.034,0.032,0.032,0.032,0.034,0.032,0.033,0.033,0.033,0.031,0.032,0.032,0.034,0.032,0.032,0.03,0.034,0.035,0.034,0.034,0.032,0.034,0.032,0.033,0.033,0.031,0.037,0.034,0.034,0.035,0.034,0.033,0.034,0.033,0.033,0.035,0.032,0.034,0.033,0.036,0.039,0.033,0.035,0.038,0.037,0.035,0.036,,,,,,,,,,,,,,,,,,,,,,,,,,,,,,,,,,,,,,,,,,,,,,,,,,,,,,,,,,,,,,,
C,1,Blank B,0.034,0.036,0.031,0.033,0.029,0.032,0.029,0.031,0.029,0.033,0.029,0.035,0.035,0.033,0.034,0.033,0.032,0.03,0.032,0.033,0.033,0.032,0.033,0.033,0.036,0.031,0.032,0.031,0.033,0.032,0.032,0.033,0.033,0.035,0.032,0.031,0.035,0.032,0.032,0.034,0.032,0.031,0.034,0.034,0.033,0.034,0.034,0.032,0.034,0.029,0.035,0.032,0.032,0.034,0.035,0.033,0.031,0.034,0.037,0.034,0.035,0.036,,,,,,,,,,,,,,,,,,,,,,,,,,,,,,,,,,,,,,,,,,,,,,,,,,,,,,,,,,,,,,,
C,2,Sample X11,0.035,0.037,0.041,0.054,0.094,0.154,0.193,0.268,0.302,0.328,0.351,0.381,0.39,0.411,0.412,0.423,0.424,0.438,0.447,0.457,0.46,0.461,0.451,0.454,0.449,0.455,0.452,0.454,0.446,0.44,0.445,0.44,0.437,0.439,0.432,0.427,0.429,0.427,0.427,0.421,0.416,0.426,0.423,0.425,0.426,0.427,0.426,0.426,0.427,0.428,0.427,0.432,0.432,0.437,0.435,0.437,0.44,0.439,0.444,0.447,0.446,0.452,-0.001,0.004,0.008,0.021,0.064,0.122,0.163,0.237,0.272,0.295,0.32,0.349,0.355,0.379,0.378,0.389,0.392,0.406,0.414,0.422,0.425,0.425,0.416,0.418,0.415,0.421,0.419,0.42,0.411,0.407,0.411,0.405,0.403,0.403,0.397,0.391,0.394,0.394,0.391,0.387,0.381,0.389,0.386,0.388,0.389,0.39,0.389,0.39,0.391,0.394,0.391,0.397,0.397,0.4,0.398,0.399,0.405,0.401,0.404,0.407,0.409,0.411,
C,3,Sample X12,0.035,0.037,0.04,0.057,0.098,0.145,0.181,0.249,0.273,0.306,0.314,0.358,0.365,0.379,0.392,0.413,0.424,0.432,0.452,0.456,0.462,0.464,0.462,0.462,0.468,0.478,0.479,0.478,0.478,0.476,0.476,0.47,0.468,0.468,0.47,0.464,0.46,0.464,0.462,0.455,0.455,0.46,0.451,0.461,0.461,0.462,0.446,0.467,0.46,0.462,0.47,0.466,0.467,0.469,0.472,0.478,0.475,0.479,0.475,0.484,0.483,0.489,-0.002,0.004,0.008,0.025,0.068,0.112,0.151,0.218,0.242,0.274,0.284,0.325,0.331,0.347,0.357,0.379,0.392,0.4,0.418,0.421,0.427,0.429,0.427,0.426,0.434,0.444,0.445,0.444,0.443,0.443,0.442,0.435,0.433,0.432,0.436,0.428,0.425,0.43,0.426,0.42,0.419,0.423,0.414,0.424,0.424,0.425,0.409,0.431,0.424,0.428,0.433,0.431,0.431,0.432,0.435,0.44,0.44,0.441,0.435,0.444,0.445,0.447,
C,4,Sample X13,0.033,0.035,0.04,0.048,0.071,0.114,0.147,0.211,0.251,0.284,0.306,0.335,0.345,0.367,0.382,0.405,0.427,0.447,0.451,0.458,0.48,0.48,0.487,0.5,0.495,0.498,0.506,0.501,0.498,0.498,0.498,0.49,0.494,0.5,0.494,0.492,0.484,0.482,0.481,0.481,0.476,0.477,0.476,0.478,0.472,0.474,0.478,0.476,0.477,0.481,0.481,0.481,0.481,0.482,0.48,0.488,0.484,0.495,0.488,0.496,0.497,0.494,-0.003,0.001,0.008,0.015,0.04,0.081,0.117,0.18,0.221,0.251,0.276,0.303,0.311,0.334,0.348,0.371,0.395,0.415,0.418,0.423,0.445,0.445,0.453,0.465,0.462,0.464,0.473,0.466,0.463,0.465,0.464,0.456,0.46,0.464,0.459,0.456,0.449,0.448,0.445,0.447,0.441,0.44,0.439,0.441,0.435,0.437,0.441,0.44,0.442,0.447,0.445,0.446,0.446,0.445,0.443,0.451,0.449,0.457,0.449,0.456,0.459,0.452,
C,5,Sample X14,0.034,0.034,0.037,0.049,0.066,0.117,0.161,0.212,0.258,0.295,0.308,0.342,0.362,0.373,0.39,0.411,0.426,0.436,0.458,0.469,0.482,0.48,0.486,0.493,0.489,0.495,0.498,0.506,0.505,0.498,0.494,0.493,0.5,0.495,0.493,0.495,0.49,0.482,0.488,0.485,0.483,0.481,0.487,0.485,0.483,0.48,0.484,0.485,0.491,0.485,0.488,0.487,0.495,0.488,0.501,0.5,0.497,0.501,0.498,0.503,0.504,0.5,-0.003,630.556E-6,0.005,0.016,0.036,0.084,0.131,0.181,0.228,0.262,0.277,0.31,0.328,0.341,0.356,0.377,0.394,0.404,0.425,0.434,0.447,0.444,0.452,0.457,0.455,0.461,0.465,0.471,0.47,0.465,0.46,0.459,0.465,0.459,0.459,0.459,0.455,0.448,0.452,0.451,0.448,0.444,0.45,0.448,0.446,0.443,0.447,0.449,0.456,0.452,0.451,0.452,0.46,0.451,0.463,0.463,0.462,0.463,0.458,0.463,0.466,0.459,
C,6,Sample X15,0.037,0.035,0.037,0.044,0.068,0.101,0.153,0.202,0.284,0.315,0.341,0.367,0.391,0.412,0.43,0.438,0.448,0.463,0.468,0.483,0.493,0.494,0.503,0.51,0.507,0.51,0.514,0.514,0.515,0.51,0.513,0.512,0.512,0.507,0.508,0.509,0.501,0.497,0.499,0.492,0.498,0.491,0.494,0.494,0.492,0.486,0.495,0.495,0.498,0.494,0.501,0.5,0.5,0.497,0.504,0.504,0.505,0.509,0.506,0.504,0.509,0.51,638.889E-6,0.002,0.005,0.011,0.037,0.068,0.123,0.171,0.253,0.283,0.311,0.335,0.357,0.38,0.395,0.404,0.416,0.431,0.434,0.448,0.459,0.459,0.469,0.474,0.473,0.476,0.48,0.48,0.48,0.477,0.48,0.478,0.477,0.471,0.473,0.473,0.466,0.464,0.463,0.457,0.463,0.454,0.457,0.457,0.454,0.449,0.458,0.458,0.463,0.46,0.464,0.466,0.465,0.46,0.467,0.467,0.47,0.471,0.466,0.464,0.471,0.468,
C,7,Sample X16,0.037,0.034,0.04,0.054,0.083,0.133,0.195,0.248,0.312,0.337,0.367,0.398,0.415,0.438,0.452,0.455,0.465,0.473,0.481,0.485,0.491,0.49,0.497,0.499,0.482,0.49,0.489,0.487,0.487,0.477,0.476,0.475,0.474,0.47,0.466,0.463,0.459,0.455,0.453,0.455,0.452,0.455,0.453,0.452,0.448,0.45,0.449,0.447,0.452,0.449,0.458,0.459,0.457,0.454,0.465,0.457,0.459,0.467,0.462,0.465,0.466,0.472,638.889E-6,530.556E-6,0.008,0.021,0.052,0.1,0.165,0.216,0.282,0.305,0.336,0.365,0.381,0.405,0.417,0.421,0.433,0.442,0.447,0.45,0.457,0.455,0.463,0.464,0.448,0.456,0.456,0.453,0.452,0.444,0.442,0.44,0.44,0.434,0.432,0.427,0.424,0.421,0.417,0.42,0.416,0.418,0.416,0.415,0.411,0.412,0.412,0.411,0.416,0.415,0.422,0.424,0.422,0.418,0.428,0.419,0.424,0.429,0.422,0.425,0.428,0.431,
C,8,Sample X17,0.033,0.033,0.035,0.047,0.061,0.113,0.159,0.279,0.339,0.372,0.409,0.446,0.449,0.451,0.456,0.475,0.47,0.479,0.481,0.487,0.49,0.492,0.491,0.496,0.488,0.494,0.503,0.505,0.501,0.502,0.503,0.509,0.5,0.499,0.503,0.496,0.494,0.491,0.49,0.483,0.485,0.48,0.491,0.488,0.482,0.481,0.486,0.492,0.482,0.488,0.492,0.488,0.489,0.489,0.498,0.494,0.499,0.503,0.495,0.496,0.503,0.506,-0.003,-269.444E-6,0.003,0.015,0.031,0.081,0.129,0.248,0.308,0.34,0.379,0.414,0.414,0.419,0.422,0.442,0.438,0.447,0.448,0.452,0.455,0.456,0.456,0.46,0.454,0.46,0.47,0.471,0.466,0.469,0.469,0.474,0.466,0.463,0.468,0.461,0.459,0.458,0.454,0.449,0.45,0.443,0.454,0.45,0.445,0.444,0.449,0.456,0.447,0.454,0.456,0.454,0.453,0.452,0.46,0.457,0.464,0.465,0.455,0.456,0.465,0.464,
C,9,Sample X18,0.034,0.036,0.038,0.047,0.067,0.112,0.168,0.26,0.328,0.36,0.396,0.429,0.44,0.432,0.448,0.46,0.453,0.465,0.469,0.476,0.48,0.487,0.483,0.495,0.489,0.488,0.493,0.494,0.492,0.49,0.487,0.487,0.483,0.488,0.486,0.482,0.48,0.471,0.47,0.47,0.474,0.466,0.469,0.47,0.47,0.467,0.474,0.477,0.475,0.475,0.478,0.48,0.481,0.475,0.483,0.483,0.484,0.487,0.486,0.487,0.489,0.492,-0.002,0.003,0.006,0.014,0.036,0.08,0.138,0.229,0.298,0.328,0.365,0.397,0.406,0.4,0.413,0.427,0.421,0.433,0.436,0.441,0.445,0.452,0.449,0.459,0.456,0.454,0.46,0.46,0.457,0.457,0.453,0.453,0.449,0.452,0.452,0.446,0.445,0.438,0.434,0.435,0.438,0.429,0.432,0.433,0.433,0.43,0.437,0.44,0.44,0.441,0.442,0.445,0.446,0.438,0.446,0.446,0.45,0.449,0.446,0.447,0.451,0.451,
C,10,Sample X19,0.036,0.037,0.042,0.057,0.095,0.136,0.194,0.272,0.326,0.37,0.41,0.426,0.428,0.438,0.446,0.458,0.463,0.477,0.486,0.482,0.487,0.49,0.492,0.492,0.495,0.496,0.505,0.504,0.497,0.492,0.496,0.494,0.493,0.499,0.492,0.482,0.489,0.478,0.478,0.476,0.482,0.475,0.476,0.475,0.475,0.475,0.478,0.481,0.482,0.477,0.481,0.485,0.481,0.489,0.488,0.492,0.489,0.494,0.49,0.492,0.494,0.498,-761.111E-6,0.004,0.01,0.025,0.064,0.104,0.164,0.241,0.295,0.337,0.379,0.394,0.393,0.405,0.412,0.424,0.431,0.445,0.453,0.447,0.452,0.455,0.458,0.456,0.461,0.462,0.472,0.47,0.462,0.459,0.463,0.459,0.459,0.463,0.458,0.446,0.454,0.445,0.441,0.442,0.447,0.438,0.439,0.438,0.437,0.438,0.441,0.444,0.446,0.443,0.444,0.45,0.446,0.452,0.451,0.455,0.454,0.456,0.451,0.453,0.456,0.456,
C,11,Sample X20,0.038,0.04,0.049,0.071,0.114,0.161,0.222,0.274,0.305,0.348,0.37,0.389,0.394,0.395,0.409,0.417,0.435,0.437,0.454,0.459,0.461,0.467,0.467,0.477,0.482,0.479,0.489,0.488,0.497,0.484,0.489,0.485,0.49,0.506,0.495,0.489,0.492,0.489,0.493,0.488,0.487,0.485,0.491,0.489,0.489,0.494,0.497,0.506,0.504,0.5,0.502,0.509,0.51,0.508,0.507,0.51,0.517,0.521,0.524,0.524,0.527,0.523,0.002,0.007,0.017,0.039,0.083,0.128,0.192,0.242,0.275,0.316,0.34,0.357,0.36,0.362,0.375,0.384,0.403,0.405,0.42,0.424,0.427,0.432,0.432,0.442,0.448,0.445,0.456,0.454,0.462,0.451,0.455,0.45,0.456,0.47,0.461,0.453,0.456,0.456,0.457,0.453,0.452,0.448,0.454,0.451,0.452,0.457,0.46,0.47,0.469,0.466,0.466,0.474,0.475,0.471,0.47,0.473,0.482,0.483,0.484,0.484,0.489,0.482,
C,12,Blank B,0.034,0.033,0.03,0.032,0.029,0.033,0.028,0.031,0.03,0.032,0.031,0.031,0.033,0.031,0.034,0.034,0.03,0.029,0.034,0.033,0.031,0.034,0.031,0.033,0.032,0.032,0.033,0.033,0.033,0.03,0.033,0.033,0.033,0.035,0.032,0.033,0.034,0.03,0.034,0.031,0.033,0.032,0.031,0.031,0.035,0.035,0.032,0.03,0.032,0.029,0.035,0.032,0.031,0.032,0.036,0.034,0.032,0.035,0.036,0.035,0.033,0.033,,,,,,,,,,,,,,,,,,,,,,,,,,,,,,,,,,,,,,,,,,,,,,,,,,,,,,,,,,,,,,,
D,1,Blank B,0.035,0.031,0.032,0.033,0.03,0.034,0.029,0.031,0.028,0.033,0.029,0.031,0.033,0.033,0.035,0.033,0.031,0.032,0.034,0.035,0.034,0.035,0.033,0.033,0.032,0.033,0.034,0.033,0.035,0.034,0.034,0.034,0.033,0.034,0.033,0.034,0.034,0.035,0.037,0.035,0.033,0.035,0.034,0.036,0.035,0.036,0.034,0.035,0.034,0.032,0.034,0.035,0.035,0.032,0.034,0.036,0.033,0.033,0.038,0.036,0.034,0.035,,,,,,,,,,,,,,,,,,,,,,,,,,,,,,,,,,,,,,,,,,,,,,,,,,,,,,,,,,,,,,,
D,2,Sample X21,0.036,0.036,0.041,0.055,0.102,0.152,0.206,0.26,0.299,0.365,0.41,0.428,0.448,0.462,0.465,0.48,0.5,0.516,0.543,0.554,0.565,0.585,0.593,0.611,0.636,0.647,0.661,0.675,0.705,0.71,0.717,0.74,0.756,0.769,0.787,0.782,0.795,0.811,0.817,0.837,0.835,0.845,0.856,0.851,0.867,0.868,0.878,0.884,0.879,0.881,0.876,0.877,0.864,0.889,0.867,0.905,0.91,0.899,0.912,0.907,0.921,0.914,-461.111E-6,0.003,0.008,0.023,0.072,0.119,0.176,0.229,0.269,0.332,0.379,0.396,0.414,0.429,0.431,0.446,0.468,0.485,0.509,0.519,0.53,0.549,0.559,0.576,0.603,0.613,0.628,0.64,0.67,0.677,0.683,0.705,0.722,0.733,0.752,0.746,0.759,0.777,0.781,0.802,0.8,0.808,0.819,0.813,0.83,0.831,0.841,0.847,0.843,0.847,0.84,0.842,0.829,0.852,0.83,0.868,0.875,0.861,0.872,0.867,0.883,0.872,
D,3,Sample X22,0.037,0.037,0.044,0.068,0.122,0.169,0.224,0.287,0.333,0.367,0.391,0.412,0.445,0.47,0.491,0.517,0.542,0.569,0.584,0.607,0.625,0.646,0.658,0.677,0.709,0.716,0.716,0.739,0.747,0.761,0.767,0.777,0.795,0.8,0.812,0.822,0.827,0.827,0.828,0.848,0.847,0.858,0.861,0.854,0.868,0.857,0.86,0.859,0.87,0.863,0.864,0.872,0.867,0.867,0.856,0.886,0.88,0.879,0.891,0.884,0.891,0.892,738.889E-6,0.004,0.012,0.035,0.091,0.136,0.194,0.256,0.303,0.335,0.36,0.38,0.411,0.438,0.457,0.483,0.51,0.537,0.551,0.572,0.591,0.61,0.624,0.642,0.676,0.682,0.683,0.705,0.712,0.727,0.733,0.742,0.761,0.764,0.777,0.786,0.792,0.793,0.791,0.813,0.812,0.821,0.824,0.816,0.831,0.82,0.823,0.823,0.834,0.829,0.828,0.837,0.832,0.83,0.819,0.848,0.845,0.841,0.851,0.844,0.853,0.85,
D,4,Sample X23,0.036,0.035,0.041,0.066,0.108,0.163,0.213,0.265,0.315,0.347,0.368,0.388,0.413,0.434,0.448,0.465,0.502,0.512,0.543,0.571,0.598,0.615,0.635,0.655,0.691,0.693,0.707,0.725,0.742,0.756,0.764,0.78,0.779,0.795,0.812,0.821,0.834,0.834,0.846,0.84,0.844,0.844,0.855,0.844,0.854,0.854,0.849,0.854,0.861,0.851,0.863,0.865,0.864,0.861,0.849,0.873,0.872,0.873,0.872,0.878,0.877,0.875,38.889E-6,0.002,0.008,0.033,0.077,0.13,0.183,0.234,0.285,0.315,0.337,0.356,0.379,0.402,0.414,0.432,0.47,0.48,0.509,0.536,0.563,0.58,0.601,0.62,0.657,0.659,0.674,0.691,0.707,0.723,0.73,0.745,0.744,0.759,0.777,0.785,0.799,0.801,0.81,0.806,0.809,0.807,0.818,0.806,0.817,0.817,0.812,0.818,0.825,0.817,0.827,0.83,0.829,0.824,0.812,0.836,0.837,0.835,0.832,0.838,0.839,0.833,
D,5,Sample X24,0.032,0.03,0.032,0.046,0.069,0.109,0.155,0.175,0.212,0.247,0.27,0.298,0.318,0.335,0.355,0.357,0.373,0.381,0.398,0.408,0.426,0.436,0.448,0.458,0.464,0.468,0.481,0.489,0.486,0.5,0.512,0.518,0.521,0.525,0.534,0.535,0.544,0.545,0.558,0.551,0.568,0.57,0.579,0.58,0.583,0.588,0.595,0.604,0.6,0.613,0.626,0.624,0.633,0.633,0.627,0.636,0.638,0.64,0.647,0.647,0.648,0.649,-0.004,-0.003,-102.778E-6,0.014,0.038,0.077,0.125,0.143,0.182,0.215,0.239,0.265,0.284,0.303,0.321,0.323,0.341,0.349,0.365,0.373,0.391,0.4,0.414,0.423,0.43,0.434,0.447,0.455,0.451,0.467,0.478,0.484,0.487,0.489,0.5,0.499,0.509,0.512,0.522,0.517,0.532,0.533,0.542,0.542,0.546,0.551,0.558,0.567,0.564,0.579,0.59,0.589,0.598,0.596,0.589,0.599,0.603,0.602,0.607,0.607,0.61,0.607,
D,6,Sample X25,0.033,0.031,0.036,0.047,0.086,0.13,0.193,0.262,0.344,0.359,0.4,0.418,0.42,0.442,0.457,0.464,0.496,0.506,0.532,0.545,0.565,0.585,0.603,0.619,0.645,0.648,0.672,0.691,0.696,0.704,0.721,0.736,0.739,0.737,0.753,0.757,0.766,0.768,0.778,0.776,0.784,0.778,0.784,0.777,0.786,0.787,0.787,0.79,0.792,0.78,0.792,0.785,0.798,0.784,0.8,0.788,0.784,0.785,0.792,0.783,0.788,0.801,-0.003,-0.002,0.004,0.015,0.055,0.097,0.163,0.231,0.313,0.327,0.369,0.385,0.386,0.41,0.422,0.43,0.464,0.474,0.499,0.51,0.531,0.55,0.569,0.583,0.612,0.614,0.639,0.657,0.661,0.67,0.687,0.701,0.705,0.701,0.718,0.721,0.731,0.735,0.742,0.741,0.749,0.741,0.747,0.74,0.749,0.75,0.75,0.753,0.756,0.747,0.756,0.751,0.762,0.747,0.762,0.75,0.749,0.747,0.752,0.743,0.75,0.759,
D,7,Sample X26,0.035,0.035,0.037,0.049,0.08,0.137,0.196,0.25,0.307,0.35,0.409,0.425,0.44,0.455,0.465,0.486,0.49,0.516,0.534,0.559,0.569,0.587,0.602,0.625,0.642,0.657,0.67,0.682,0.713,0.721,0.735,0.755,0.762,0.774,0.789,0.793,0.815,0.809,0.824,0.835,0.827,0.839,0.84,0.839,0.856,0.85,0.853,0.856,0.858,0.848,0.864,0.859,0.875,0.862,0.873,0.863,0.867,0.869,0.87,0.871,0.869,0.875,-961.111E-6,0.002,0.005,0.016,0.049,0.104,0.166,0.219,0.277,0.318,0.378,0.393,0.406,0.423,0.43,0.453,0.458,0.484,0.501,0.524,0.534,0.552,0.568,0.59,0.609,0.623,0.637,0.648,0.678,0.688,0.701,0.721,0.728,0.738,0.754,0.757,0.78,0.775,0.787,0.8,0.792,0.802,0.803,0.801,0.818,0.813,0.816,0.82,0.822,0.814,0.828,0.824,0.84,0.825,0.835,0.825,0.832,0.831,0.83,0.831,0.831,0.833,
D,8,Sample X27,0.036,0.034,0.038,0.06,0.102,0.166,0.25,0.308,0.358,0.405,0.418,0.436,0.437,0.466,0.48,0.496,0.504,0.537,0.565,0.578,0.599,0.62,0.634,0.644,0.672,0.682,0.696,0.706,0.724,0.728,0.743,0.749,0.765,0.772,0.779,0.789,0.8,0.799,0.815,0.805,0.807,0.808,0.818,0.821,0.826,0.821,0.815,0.828,0.819,0.81,0.828,0.819,0.823,0.821,0.83,0.824,0.825,0.83,0.824,0.832,0.826,0.826,-61.111E-6,630.556E-6,0.006,0.028,0.071,0.134,0.22,0.277,0.328,0.373,0.388,0.404,0.403,0.434,0.446,0.462,0.472,0.505,0.531,0.543,0.564,0.585,0.6,0.608,0.638,0.648,0.662,0.672,0.689,0.694,0.709,0.714,0.731,0.736,0.745,0.753,0.765,0.765,0.779,0.771,0.772,0.771,0.781,0.784,0.788,0.784,0.778,0.791,0.783,0.776,0.791,0.784,0.787,0.784,0.793,0.786,0.79,0.792,0.784,0.792,0.788,0.785,
D,9,Sample X28,0.035,0.031,0.036,0.049,0.093,0.146,0.212,0.286,0.351,0.394,0.437,0.441,0.442,0.451,0.467,0.487,0.502,0.52,0.544,0.563,0.581,0.611,0.627,0.649,0.667,0.681,0.699,0.719,0.726,0.737,0.749,0.757,0.766,0.782,0.784,0.798,0.806,0.812,0.816,0.82,0.828,0.824,0.83,0.833,0.833,0.831,0.837,0.841,0.835,0.834,0.84,0.838,0.839,0.837,0.843,0.847,0.839,0.851,0.849,0.847,0.847,0.852,-0.001,-0.002,0.004,0.017,0.063,0.114,0.182,0.255,0.32,0.361,0.406,0.408,0.407,0.418,0.432,0.453,0.47,0.489,0.51,0.528,0.547,0.576,0.593,0.613,0.633,0.647,0.666,0.684,0.691,0.704,0.715,0.722,0.732,0.747,0.75,0.762,0.771,0.778,0.78,0.785,0.792,0.786,0.793,0.796,0.796,0.794,0.8,0.804,0.799,0.8,0.803,0.803,0.804,0.8,0.806,0.809,0.804,0.812,0.809,0.807,0.809,0.81,
D,10,Sample X29,0.04,0.038,0.042,0.057,0.093,0.135,0.163,0.2,0.237,0.264,0.285,0.313,0.331,0.343,0.356,0.363,0.378,0.389,0.407,0.412,0.431,0.437,0.439,0.46,0.464,0.47,0.477,0.486,0.494,0.506,0.509,0.508,0.519,0.533,0.535,0.539,0.551,0.55,0.558,0.553,0.557,0.558,0.566,0.576,0.571,0.58,0.587,0.595,0.592,0.592,0.604,0.6,0.609,0.612,0.614,0.618,0.634,0.631,0.639,0.643,0.639,0.643,0.004,0.005,0.01,0.024,0.063,0.103,0.133,0.169,0.207,0.231,0.254,0.281,0.296,0.31,0.321,0.33,0.346,0.357,0.373,0.377,0.396,0.402,0.404,0.424,0.431,0.436,0.444,0.451,0.459,0.472,0.475,0.473,0.485,0.497,0.5,0.503,0.516,0.517,0.521,0.518,0.521,0.521,0.529,0.538,0.534,0.543,0.55,0.558,0.557,0.558,0.567,0.565,0.574,0.575,0.576,0.581,0.599,0.593,0.599,0.603,0.601,0.601,
D,11,Sample X30,0.036,0.034,0.036,0.045,0.073,0.122,0.175,0.255,0.357,0.406,0.4,0.424,0.423,0.439,0.462,0.467,0.491,0.51,0.535,0.548,0.561,0.576,0.595,0.621,0.644,0.649,0.677,0.705,0.712,0.719,0.737,0.74,0.749,0.792,0.785,0.785,0.8,0.814,0.815,0.813,0.812,0.825,0.833,0.825,0.83,0.845,0.853,0.851,0.855,0.842,0.847,0.852,0.848,0.846,0.854,0.855,0.861,0.859,0.865,0.856,0.858,0.856,-161.111E-6,0.001,0.004,0.013,0.042,0.089,0.145,0.224,0.327,0.374,0.369,0.392,0.389,0.406,0.427,0.433,0.459,0.478,0.502,0.513,0.527,0.541,0.561,0.585,0.611,0.615,0.644,0.671,0.677,0.685,0.703,0.705,0.715,0.756,0.75,0.749,0.765,0.78,0.779,0.779,0.777,0.788,0.796,0.788,0.792,0.808,0.816,0.814,0.819,0.808,0.81,0.817,0.813,0.809,0.817,0.817,0.826,0.82,0.825,0.816,0.82,0.815,
D,12,Blank B,0.034,0.033,0.031,0.032,0.03,0.033,0.03,0.03,0.029,0.032,0.032,0.031,0.034,0.033,0.035,0.034,0.031,0.029,0.034,0.034,0.033,0.034,0.034,0.036,0.033,0.034,0.033,0.034,0.033,0.033,0.038,0.035,0.034,0.035,0.032,0.034,0.032,0.035,0.034,0.035,0.033,0.033,0.037,0.035,0.037,0.035,0.033,0.035,0.033,0.034,0.035,0.033,0.032,0.032,0.035,0.035,0.03,0.035,0.036,0.035,0.035,0.036,,,,,,,,,,,,,,,,,,,,,,,,,,,,,,,,,,,,,,,,,,,,,,,,,,,,,,,,,,,,,,,
E,1,Blank B,0.081,0.033,0.029,0.032,0.029,0.032,0.028,0.03,0.028,0.032,0.031,0.032,0.034,0.033,0.033,0.032,0.029,0.032,0.034,0.035,0.032,0.038,0.032,0.035,0.031,0.031,0.031,0.033,0.031,0.032,0.035,0.032,0.033,0.034,0.033,0.032,0.033,0.031,0.034,0.035,0.031,0.035,0.033,0.032,0.032,0.035,0.034,0.033,0.032,0.03,0.035,0.032,0.035,0.033,0.036,0.054,0.032,0.034,0.037,0.036,0.035,0.038,,,,,,,,,,,,,,,,,,,,,,,,,,,,,,,,,,,,,,,,,,,,,,,,,,,,,,,,,,,,,,,
E,2,Sample X31,0.038,0.04,0.044,0.056,0.071,0.092,0.113,0.154,0.192,0.234,0.266,0.284,0.297,0.306,0.316,0.331,0.331,0.339,0.345,0.352,0.351,0.355,0.351,0.355,0.34,0.347,0.349,0.348,0.346,0.34,0.344,0.346,0.345,0.334,0.345,0.346,0.337,0.333,0.344,0.34,0.341,0.343,0.343,0.342,0.346,0.343,0.342,0.342,0.346,0.346,0.352,0.353,0.36,0.357,0.368,0.372,0.367,0.377,0.377,0.383,0.379,0.385,0.001,0.007,0.012,0.023,0.041,0.06,0.083,0.123,0.162,0.202,0.235,0.252,0.263,0.274,0.282,0.297,0.299,0.307,0.312,0.317,0.316,0.319,0.316,0.32,0.307,0.313,0.315,0.313,0.311,0.307,0.31,0.311,0.311,0.298,0.31,0.31,0.301,0.3,0.308,0.306,0.305,0.306,0.306,0.305,0.309,0.306,0.305,0.306,0.311,0.312,0.316,0.318,0.325,0.321,0.331,0.334,0.332,0.339,0.337,0.343,0.341,0.344,
E,3,Sample X32,0.038,0.037,0.045,0.054,0.064,0.077,0.093,0.128,0.168,0.192,0.233,0.265,0.277,0.282,0.306,0.31,0.315,0.324,0.328,0.333,0.347,0.347,0.348,0.351,0.344,0.342,0.347,0.346,0.353,0.348,0.343,0.342,0.333,0.335,0.333,0.323,0.318,0.315,0.309,0.301,0.294,0.295,0.29,0.292,0.292,0.287,0.286,0.285,0.289,0.284,0.294,0.293,0.3,0.298,0.303,0.305,0.302,0.306,0.311,0.32,0.317,0.328,0.001,0.004,0.013,0.022,0.033,0.044,0.063,0.096,0.138,0.16,0.202,0.233,0.243,0.25,0.272,0.276,0.283,0.292,0.294,0.298,0.313,0.312,0.314,0.316,0.31,0.308,0.313,0.312,0.318,0.314,0.309,0.307,0.299,0.299,0.299,0.287,0.283,0.282,0.273,0.266,0.259,0.257,0.253,0.255,0.254,0.25,0.249,0.249,0.253,0.25,0.258,0.258,0.264,0.261,0.266,0.268,0.267,0.268,0.272,0.28,0.279,0.286,
E,4,Sample X33,0.035,0.037,0.042,0.054,0.058,0.07,0.088,0.122,0.162,0.2,0.228,0.254,0.281,0.29,0.3,0.313,0.315,0.324,0.328,0.34,0.342,0.344,0.347,0.349,0.35,0.35,0.349,0.346,0.35,0.344,0.359,0.347,0.34,0.348,0.337,0.326,0.329,0.322,0.321,0.314,0.309,0.304,0.3,0.302,0.308,0.296,0.296,0.294,0.3,0.299,0.305,0.308,0.315,0.318,0.326,0.327,0.323,0.331,0.335,0.341,0.337,0.335,-0.001,0.004,0.01,0.021,0.027,0.038,0.058,0.091,0.131,0.167,0.197,0.221,0.246,0.258,0.265,0.279,0.283,0.292,0.294,0.305,0.307,0.309,0.313,0.314,0.317,0.316,0.316,0.312,0.315,0.311,0.325,0.312,0.306,0.312,0.303,0.29,0.293,0.289,0.285,0.279,0.274,0.267,0.263,0.265,0.27,0.259,0.259,0.257,0.265,0.265,0.269,0.273,0.279,0.281,0.289,0.289,0.288,0.293,0.295,0.301,0.299,0.293,
E,5,Sample X34,0.036,0.036,0.04,0.051,0.057,0.068,0.092,0.124,0.161,0.188,0.231,0.261,0.271,0.289,0.306,0.315,0.321,0.326,0.335,0.34,0.344,0.35,0.348,0.35,0.355,0.348,0.346,0.344,0.345,0.339,0.351,0.336,0.347,0.355,0.343,0.336,0.343,0.336,0.337,0.331,0.332,0.324,0.321,0.317,0.327,0.323,0.319,0.317,0.325,0.316,0.328,0.329,0.337,0.335,0.343,0.346,0.344,0.353,0.356,0.355,0.356,0.357,38.889E-6,0.003,0.008,0.019,0.027,0.035,0.062,0.093,0.131,0.155,0.2,0.229,0.236,0.257,0.271,0.281,0.289,0.294,0.302,0.305,0.31,0.315,0.314,0.315,0.321,0.314,0.313,0.31,0.31,0.306,0.318,0.301,0.313,0.319,0.308,0.3,0.308,0.303,0.301,0.297,0.297,0.287,0.284,0.28,0.29,0.286,0.282,0.281,0.289,0.282,0.292,0.294,0.301,0.298,0.305,0.309,0.309,0.315,0.316,0.315,0.318,0.316,
E,6,Sample X35,0.039,0.037,0.041,0.054,0.063,0.083,0.103,0.14,0.184,0.219,0.251,0.28,0.292,0.305,0.319,0.326,0.34,0.34,0.349,0.356,0.362,0.36,0.362,0.363,0.365,0.359,0.356,0.353,0.352,0.346,0.359,0.346,0.362,0.357,0.346,0.342,0.353,0.337,0.341,0.34,0.331,0.327,0.325,0.324,0.326,0.325,0.321,0.321,0.325,0.33,0.332,0.333,0.342,0.339,0.343,0.345,0.341,0.351,0.351,0.355,0.351,0.355,0.003,0.004,0.008,0.022,0.032,0.05,0.073,0.109,0.153,0.186,0.221,0.248,0.258,0.273,0.284,0.292,0.308,0.308,0.315,0.321,0.328,0.325,0.328,0.328,0.331,0.325,0.323,0.319,0.317,0.312,0.325,0.311,0.328,0.321,0.311,0.306,0.318,0.304,0.305,0.305,0.295,0.29,0.288,0.287,0.289,0.288,0.284,0.285,0.29,0.296,0.295,0.298,0.306,0.302,0.305,0.308,0.306,0.313,0.312,0.315,0.313,0.313,
E,7,Sample X36,0.034,0.036,0.039,0.043,0.055,0.064,0.084,0.114,0.151,0.19,0.226,0.256,0.279,0.289,0.308,0.318,0.322,0.33,0.337,0.343,0.343,0.347,0.349,0.351,0.351,0.354,0.348,0.347,0.348,0.338,0.348,0.338,0.343,0.345,0.339,0.33,0.335,0.335,0.333,0.327,0.326,0.329,0.326,0.32,0.325,0.325,0.319,0.315,0.321,0.323,0.327,0.33,0.335,0.332,0.339,0.345,0.342,0.351,0.353,0.357,0.354,0.355,-0.002,0.003,0.007,0.011,0.025,0.031,0.054,0.083,0.12,0.158,0.195,0.223,0.245,0.257,0.274,0.285,0.29,0.298,0.304,0.308,0.309,0.312,0.314,0.316,0.317,0.32,0.315,0.312,0.313,0.304,0.314,0.303,0.309,0.309,0.305,0.294,0.3,0.302,0.297,0.292,0.291,0.292,0.289,0.283,0.288,0.288,0.282,0.279,0.285,0.289,0.29,0.295,0.299,0.295,0.302,0.307,0.307,0.312,0.313,0.317,0.316,0.313,
E,8,Sample X37,0.033,0.033,0.036,0.044,0.047,0.058,0.075,0.108,0.144,0.188,0.224,0.248,0.278,0.295,0.309,0.326,0.33,0.343,0.347,0.356,0.351,0.358,0.355,0.359,0.364,0.363,0.357,0.355,0.352,0.345,0.352,0.345,0.359,0.35,0.342,0.342,0.356,0.342,0.341,0.338,0.334,0.331,0.332,0.327,0.335,0.327,0.332,0.325,0.328,0.328,0.334,0.336,0.343,0.34,0.35,0.349,0.349,0.356,0.362,0.362,0.361,0.365,-0.003,230.556E-6,0.004,0.012,0.017,0.025,0.045,0.077,0.113,0.155,0.193,0.216,0.243,0.263,0.275,0.293,0.298,0.311,0.314,0.321,0.316,0.322,0.321,0.324,0.33,0.329,0.323,0.32,0.317,0.312,0.318,0.31,0.325,0.314,0.308,0.306,0.32,0.308,0.305,0.304,0.299,0.294,0.295,0.289,0.297,0.29,0.295,0.289,0.292,0.294,0.298,0.301,0.308,0.303,0.313,0.312,0.314,0.318,0.322,0.322,0.323,0.323,
E,9,Sample X38,0.034,0.035,0.036,0.046,0.053,0.06,0.077,0.112,0.15,0.186,0.224,0.253,0.275,0.286,0.308,0.318,0.326,0.333,0.339,0.343,0.346,0.352,0.351,0.352,0.356,0.354,0.355,0.354,0.354,0.339,0.345,0.34,0.349,0.346,0.34,0.339,0.353,0.336,0.335,0.333,0.329,0.325,0.323,0.318,0.322,0.317,0.318,0.318,0.323,0.325,0.332,0.338,0.346,0.35,0.355,0.367,0.366,0.389,0.388,0.396,0.397,0.406,-0.003,0.002,0.004,0.014,0.022,0.028,0.047,0.08,0.12,0.154,0.193,0.221,0.24,0.254,0.273,0.285,0.294,0.301,0.305,0.308,0.312,0.317,0.317,0.316,0.322,0.32,0.322,0.32,0.319,0.305,0.312,0.305,0.314,0.31,0.305,0.303,0.318,0.302,0.299,0.298,0.294,0.287,0.286,0.281,0.285,0.28,0.281,0.282,0.287,0.291,0.296,0.303,0.311,0.313,0.317,0.329,0.331,0.351,0.348,0.356,0.359,0.364,
E,10,Sample X39,0.036,0.039,0.038,0.047,0.051,0.058,0.075,0.106,0.144,0.179,0.211,0.239,0.261,0.276,0.291,0.305,0.312,0.316,0.33,0.338,0.337,0.343,0.343,0.341,0.341,0.341,0.342,0.337,0.339,0.336,0.336,0.335,0.33,0.331,0.328,0.327,0.333,0.326,0.327,0.322,0.318,0.324,0.316,0.328,0.32,0.314,0.317,0.317,0.318,0.32,0.332,0.331,0.327,0.334,0.332,0.337,0.333,0.345,0.346,0.346,0.34,0.345,-361.111E-6,0.006,0.006,0.014,0.021,0.025,0.045,0.074,0.114,0.147,0.18,0.207,0.227,0.244,0.257,0.272,0.28,0.284,0.297,0.303,0.302,0.308,0.309,0.306,0.308,0.307,0.309,0.302,0.304,0.303,0.302,0.3,0.296,0.295,0.294,0.291,0.298,0.293,0.291,0.287,0.282,0.287,0.279,0.291,0.283,0.277,0.279,0.281,0.282,0.286,0.296,0.296,0.291,0.297,0.294,0.299,0.298,0.307,0.307,0.307,0.303,0.303,
E,11,Sample X40,0.036,0.035,0.037,0.041,0.045,0.059,0.075,0.114,0.144,0.181,0.222,0.251,0.275,0.284,0.307,0.319,0.329,0.331,0.338,0.346,0.347,0.345,0.344,0.348,0.346,0.346,0.345,0.342,0.341,0.338,0.34,0.337,0.332,0.332,0.332,0.332,0.326,0.326,0.33,0.338,0.333,0.336,0.338,0.333,0.342,0.343,0.349,0.353,0.363,0.358,0.363,0.369,0.373,0.375,0.381,0.388,0.388,0.4,0.404,0.403,0.419,0.431,-61.111E-6,0.002,0.005,0.009,0.015,0.026,0.045,0.083,0.114,0.148,0.191,0.219,0.24,0.252,0.272,0.285,0.297,0.299,0.304,0.311,0.313,0.31,0.31,0.312,0.313,0.312,0.312,0.308,0.306,0.304,0.306,0.302,0.298,0.296,0.298,0.296,0.291,0.293,0.293,0.303,0.298,0.299,0.301,0.296,0.305,0.306,0.312,0.317,0.327,0.324,0.327,0.334,0.338,0.338,0.343,0.35,0.353,0.362,0.364,0.363,0.381,0.389,
E,12,Blank B,0.033,0.028,0.032,0.03,0.027,0.032,0.029,0.03,0.028,0.034,0.033,0.032,0.035,0.031,0.035,0.035,0.033,0.032,0.034,0.034,0.035,0.035,0.035,0.035,0.036,0.033,0.031,0.035,0.035,0.034,0.032,0.035,0.032,0.036,0.033,0.034,0.033,0.033,0.036,0.032,0.034,0.036,0.033,0.033,0.036,0.036,0.035,0.033,0.033,0.032,0.034,0.034,0.034,0.031,0.036,0.035,0.032,0.035,0.038,0.037,0.036,0.039,,,,,,,,,,,,,,,,,,,,,,,,,,,,,,,,,,,,,,,,,,,,,,,,,,,,,,,,,,,,,,,
F,1,Blank B,0.036,0.032,0.034,0.034,0.032,0.033,0.03,0.033,0.03,0.032,0.031,0.034,0.035,0.031,0.037,0.033,0.031,0.03,0.037,0.033,0.037,0.035,0.035,0.038,0.032,0.033,0.033,0.035,0.035,0.032,0.033,0.033,0.033,0.032,0.033,0.032,0.035,0.032,0.036,0.033,0.033,0.036,0.036,0.037,0.034,0.035,0.037,0.033,0.033,0.032,0.034,0.032,0.034,0.034,0.034,0.035,0.034,0.035,0.037,0.035,0.037,0.038,,,,,,,,,,,,,,,,,,,,,,,,,,,,,,,,,,,,,,,,,,,,,,,,,,,,,,,,,,,,,,,
F,2,Sample X41,0.037,0.039,0.044,0.052,0.058,0.063,0.07,0.09,0.114,0.131,0.144,0.165,0.174,0.191,0.207,0.216,0.233,0.251,0.264,0.273,0.287,0.292,0.293,0.305,0.31,0.319,0.329,0.335,0.345,0.344,0.351,0.358,0.365,0.374,0.379,0.383,0.392,0.396,0.401,0.403,0.41,0.418,0.415,0.429,0.425,0.436,0.434,0.437,0.438,0.447,0.45,0.452,0.457,0.464,0.474,0.474,0.471,0.478,0.488,0.496,0.491,0.494,738.889E-6,0.006,0.012,0.02,0.027,0.03,0.04,0.059,0.084,0.099,0.113,0.133,0.14,0.159,0.173,0.183,0.201,0.219,0.231,0.238,0.252,0.257,0.259,0.27,0.277,0.284,0.296,0.3,0.31,0.31,0.317,0.323,0.331,0.338,0.345,0.347,0.356,0.363,0.365,0.369,0.375,0.38,0.378,0.392,0.388,0.399,0.397,0.401,0.402,0.413,0.413,0.417,0.422,0.428,0.437,0.436,0.436,0.44,0.448,0.457,0.454,0.453,
F,3,Sample X42,0.041,0.04,0.045,0.059,0.063,0.073,0.082,0.104,0.129,0.146,0.159,0.193,0.199,0.212,0.231,0.245,0.263,0.271,0.281,0.287,0.297,0.303,0.307,0.313,0.323,0.329,0.34,0.343,0.349,0.349,0.358,0.364,0.367,0.375,0.376,0.382,0.385,0.391,0.396,0.4,0.402,0.406,0.413,0.418,0.425,0.427,0.432,0.431,0.441,0.444,0.451,0.45,0.454,0.459,0.461,0.466,0.463,0.471,0.475,0.478,0.474,0.477,0.005,0.006,0.013,0.026,0.033,0.04,0.052,0.072,0.098,0.114,0.128,0.161,0.165,0.18,0.197,0.212,0.231,0.239,0.248,0.252,0.262,0.267,0.273,0.277,0.29,0.295,0.307,0.309,0.314,0.316,0.324,0.329,0.333,0.339,0.342,0.346,0.35,0.358,0.36,0.365,0.366,0.369,0.376,0.381,0.388,0.39,0.395,0.395,0.406,0.41,0.415,0.415,0.419,0.422,0.424,0.428,0.428,0.432,0.435,0.438,0.436,0.436,
F,4,Sample X43,0.038,0.041,0.045,0.059,0.065,0.075,0.08,0.097,0.116,0.135,0.157,0.177,0.187,0.202,0.228,0.236,0.246,0.258,0.271,0.275,0.285,0.289,0.294,0.304,0.306,0.309,0.319,0.328,0.333,0.331,0.337,0.342,0.343,0.352,0.35,0.355,0.363,0.36,0.366,0.367,0.371,0.381,0.382,0.386,0.394,0.392,0.395,0.399,0.414,0.408,0.413,0.414,0.417,0.422,0.425,0.427,0.426,0.433,0.441,0.439,0.436,0.442,0.002,0.007,0.013,0.027,0.034,0.043,0.05,0.066,0.086,0.103,0.126,0.145,0.152,0.17,0.194,0.203,0.214,0.226,0.237,0.24,0.25,0.254,0.26,0.269,0.273,0.275,0.286,0.293,0.298,0.297,0.303,0.307,0.308,0.316,0.316,0.319,0.327,0.327,0.33,0.333,0.336,0.344,0.345,0.349,0.357,0.355,0.358,0.363,0.379,0.374,0.377,0.379,0.382,0.385,0.388,0.389,0.391,0.395,0.401,0.399,0.399,0.401,
F,5,Sample X44,0.035,0.037,0.041,0.051,0.053,0.062,0.064,0.072,0.099,0.116,0.127,0.147,0.151,0.166,0.191,0.202,0.211,0.229,0.253,0.264,0.276,0.282,0.29,0.299,0.305,0.315,0.324,0.332,0.342,0.342,0.349,0.357,0.361,0.371,0.372,0.379,0.385,0.387,0.392,0.394,0.397,0.413,0.404,0.417,0.413,0.417,0.417,0.426,0.426,0.428,0.433,0.434,0.438,0.445,0.444,0.446,0.445,0.453,0.456,0.461,0.459,0.465,-0.001,0.004,0.009,0.019,0.022,0.029,0.034,0.041,0.069,0.084,0.096,0.114,0.117,0.134,0.156,0.168,0.179,0.197,0.22,0.229,0.241,0.247,0.256,0.264,0.271,0.281,0.29,0.298,0.307,0.308,0.315,0.322,0.327,0.335,0.338,0.343,0.35,0.354,0.356,0.359,0.361,0.376,0.367,0.379,0.376,0.38,0.38,0.39,0.39,0.394,0.397,0.399,0.403,0.408,0.406,0.409,0.41,0.415,0.416,0.421,0.421,0.423,
F,6,Sample X45,0.037,0.04,0.043,0.061,0.065,0.07,0.073,0.089,0.106,0.131,0.15,0.174,0.186,0.199,0.223,0.232,0.25,0.26,0.278,0.285,0.292,0.297,0.304,0.315,0.315,0.324,0.331,0.334,0.346,0.345,0.352,0.36,0.357,0.369,0.366,0.367,0.373,0.376,0.379,0.381,0.384,0.392,0.388,0.397,0.399,0.398,0.404,0.408,0.415,0.415,0.419,0.422,0.425,0.429,0.434,0.436,0.433,0.445,0.447,0.449,0.447,0.45,338.889E-6,0.006,0.011,0.028,0.034,0.038,0.043,0.057,0.075,0.099,0.119,0.141,0.152,0.167,0.189,0.199,0.218,0.228,0.244,0.25,0.258,0.261,0.27,0.279,0.281,0.29,0.298,0.3,0.311,0.312,0.318,0.325,0.323,0.333,0.332,0.331,0.338,0.342,0.343,0.346,0.349,0.355,0.351,0.36,0.362,0.361,0.366,0.372,0.379,0.381,0.383,0.387,0.389,0.392,0.397,0.398,0.398,0.407,0.408,0.409,0.409,0.408,
F,7,Sample X46,0.036,0.035,0.042,0.054,0.056,0.064,0.062,0.079,0.092,0.12,0.139,0.155,0.172,0.188,0.205,0.222,0.234,0.247,0.267,0.281,0.297,0.299,0.303,0.313,0.317,0.327,0.336,0.346,0.354,0.357,0.362,0.366,0.371,0.381,0.385,0.389,0.396,0.399,0.4,0.403,0.41,0.416,0.412,0.424,0.429,0.426,0.424,0.431,0.436,0.433,0.44,0.44,0.443,0.453,0.455,0.452,0.454,0.46,0.461,0.461,0.463,0.468,38.889E-6,0.002,0.01,0.021,0.025,0.032,0.032,0.048,0.062,0.087,0.108,0.123,0.138,0.155,0.171,0.188,0.202,0.215,0.234,0.246,0.262,0.264,0.269,0.278,0.284,0.293,0.303,0.311,0.319,0.323,0.328,0.331,0.337,0.345,0.351,0.353,0.361,0.365,0.364,0.368,0.375,0.378,0.375,0.387,0.391,0.389,0.387,0.395,0.4,0.399,0.403,0.405,0.408,0.416,0.417,0.414,0.419,0.422,0.421,0.421,0.425,0.426,
F,8,Sample X47,0.035,0.035,0.038,0.053,0.054,0.062,0.064,0.075,0.098,0.121,0.133,0.152,0.167,0.18,0.2,0.217,0.229,0.244,0.262,0.277,0.282,0.295,0.302,0.309,0.32,0.328,0.339,0.349,0.354,0.362,0.371,0.376,0.385,0.397,0.398,0.406,0.414,0.417,0.422,0.426,0.429,0.435,0.439,0.442,0.449,0.449,0.451,0.454,0.467,0.459,0.466,0.47,0.466,0.475,0.48,0.48,0.477,0.485,0.489,0.489,0.491,0.492,-0.001,0.002,0.006,0.021,0.024,0.029,0.034,0.044,0.068,0.089,0.102,0.119,0.133,0.148,0.166,0.184,0.197,0.213,0.229,0.242,0.248,0.26,0.268,0.274,0.286,0.294,0.305,0.314,0.319,0.328,0.337,0.341,0.351,0.361,0.363,0.37,0.379,0.384,0.386,0.391,0.394,0.398,0.402,0.405,0.412,0.412,0.414,0.418,0.431,0.425,0.43,0.435,0.431,0.438,0.443,0.443,0.442,0.447,0.45,0.449,0.453,0.451,
F,9,Sample X48,0.033,0.034,0.037,0.047,0.05,0.054,0.058,0.067,0.085,0.104,0.117,0.135,0.15,0.16,0.189,0.201,0.221,0.243,0.266,0.282,0.29,0.31,0.319,0.319,0.332,0.343,0.353,0.36,0.364,0.376,0.387,0.393,0.401,0.422,0.418,0.422,0.43,0.436,0.444,0.444,0.452,0.446,0.459,0.453,0.469,0.465,0.47,0.469,0.482,0.476,0.483,0.484,0.49,0.48,0.5,0.497,0.495,0.503,0.506,0.509,0.502,0.508,-0.003,430.556E-6,0.005,0.015,0.019,0.021,0.028,0.035,0.055,0.072,0.087,0.102,0.116,0.127,0.154,0.168,0.189,0.211,0.232,0.247,0.256,0.275,0.284,0.284,0.298,0.309,0.32,0.325,0.329,0.342,0.353,0.358,0.367,0.386,0.384,0.386,0.395,0.403,0.408,0.409,0.417,0.408,0.422,0.416,0.432,0.428,0.433,0.433,0.446,0.442,0.446,0.449,0.454,0.443,0.463,0.46,0.46,0.465,0.467,0.469,0.464,0.467,
F,10,Sample X49,0.035,0.034,0.039,0.045,0.049,0.055,0.058,0.071,0.091,0.115,0.129,0.141,0.156,0.178,0.197,0.214,0.235,0.254,0.277,0.299,0.32,0.333,0.337,0.35,0.355,0.363,0.378,0.386,0.394,0.398,0.407,0.416,0.425,0.44,0.438,0.439,0.449,0.452,0.462,0.462,0.467,0.474,0.477,0.487,0.487,0.492,0.495,0.499,0.504,0.508,0.51,0.512,0.513,0.518,0.522,0.527,0.524,0.533,0.535,0.54,0.533,0.534,-0.002,830.556E-6,0.007,0.012,0.019,0.023,0.028,0.04,0.061,0.083,0.098,0.109,0.122,0.146,0.162,0.18,0.203,0.222,0.244,0.264,0.285,0.298,0.303,0.315,0.321,0.329,0.345,0.352,0.359,0.364,0.374,0.382,0.391,0.404,0.404,0.403,0.413,0.418,0.426,0.427,0.431,0.436,0.44,0.45,0.45,0.455,0.458,0.463,0.468,0.474,0.473,0.477,0.478,0.482,0.485,0.489,0.489,0.495,0.495,0.5,0.495,0.493,
F,11,Sample X50,0.038,0.035,0.039,0.046,0.051,0.059,0.063,0.075,0.093,0.111,0.119,0.129,0.142,0.153,0.167,0.182,0.2,0.214,0.236,0.254,0.271,0.285,0.286,0.296,0.305,0.317,0.329,0.338,0.346,0.35,0.364,0.364,0.379,0.392,0.394,0.404,0.409,0.416,0.422,0.425,0.432,0.444,0.438,0.446,0.457,0.447,0.453,0.458,0.464,0.47,0.479,0.481,0.482,0.496,0.496,0.501,0.498,0.512,0.52,0.524,0.515,0.515,0.002,0.002,0.007,0.013,0.021,0.026,0.033,0.044,0.062,0.079,0.088,0.096,0.108,0.121,0.133,0.149,0.168,0.182,0.202,0.219,0.237,0.249,0.252,0.26,0.272,0.283,0.296,0.303,0.311,0.316,0.33,0.33,0.345,0.357,0.36,0.368,0.374,0.382,0.386,0.391,0.396,0.407,0.401,0.409,0.42,0.41,0.416,0.422,0.429,0.436,0.443,0.446,0.446,0.459,0.459,0.464,0.463,0.473,0.48,0.484,0.477,0.473,
F,12,Blank B,0.031,0.029,0.028,0.031,0.029,0.033,0.029,0.031,0.029,0.031,0.03,0.031,0.031,0.033,0.032,0.032,0.03,0.028,0.032,0.033,0.035,0.035,0.032,0.032,0.031,0.032,0.03,0.032,0.035,0.032,0.031,0.033,0.032,0.034,0.032,0.032,0.033,0.031,0.034,0.033,0.035,0.034,0.033,0.038,0.039,0.034,0.035,0.033,0.031,0.029,0.034,0.032,0.035,0.03,0.038,0.04,0.038,0.032,0.036,0.035,0.033,0.037,,,,,,,,,,,,,,,,,,,,,,,,,,,,,,,,,,,,,,,,,,,,,,,,,,,,,,,,,,,,,,,
G,1,Blank B,0.033,0.034,0.032,0.034,0.03,0.032,0.029,0.031,0.032,0.031,0.029,0.03,0.034,0.032,0.033,0.032,0.033,0.03,0.034,0.037,0.033,0.035,0.032,0.033,0.033,0.034,0.032,0.051,0.035,0.035,0.031,0.034,0.032,0.034,0.034,0.035,0.033,0.031,0.034,0.035,0.034,0.037,0.034,0.031,0.033,0.035,0.035,0.032,0.031,0.031,0.034,0.032,0.034,0.032,0.034,0.033,0.03,0.034,0.036,0.035,0.04,0.038,,,,,,,,,,,,,,,,,,,,,,,,,,,,,,,,,,,,,,,,,,,,,,,,,,,,,,,,,,,,,,,
G,2,Sample X51,0.04,0.039,0.043,0.054,0.057,0.066,0.063,0.072,0.086,0.102,0.114,0.121,0.136,0.142,0.165,0.178,0.202,0.22,0.247,0.272,0.301,0.316,0.323,0.339,0.345,0.355,0.371,0.374,0.385,0.386,0.393,0.401,0.408,0.419,0.427,0.427,0.43,0.433,0.441,0.444,0.443,0.445,0.446,0.451,0.459,0.455,0.458,0.46,0.467,0.467,0.471,0.473,0.474,0.478,0.486,0.484,0.486,0.494,0.489,0.496,0.492,0.496,0.003,0.006,0.011,0.022,0.026,0.033,0.033,0.041,0.056,0.07,0.083,0.089,0.102,0.11,0.13,0.145,0.17,0.188,0.213,0.237,0.266,0.28,0.289,0.304,0.311,0.321,0.338,0.339,0.35,0.353,0.359,0.366,0.374,0.383,0.393,0.391,0.395,0.4,0.404,0.409,0.408,0.408,0.409,0.414,0.422,0.418,0.421,0.424,0.431,0.433,0.435,0.438,0.438,0.442,0.449,0.447,0.451,0.456,0.45,0.457,0.454,0.454,
G,3,Sample X52,0.037,0.039,0.046,0.058,0.069,0.077,0.081,0.088,0.104,0.118,0.129,0.141,0.151,0.162,0.18,0.2,0.22,0.237,0.262,0.281,0.298,0.311,0.316,0.326,0.335,0.342,0.354,0.36,0.364,0.367,0.375,0.383,0.392,0.391,0.392,0.394,0.4,0.398,0.401,0.399,0.4,0.398,0.401,0.403,0.406,0.411,0.412,0.416,0.415,0.422,0.425,0.426,0.428,0.427,0.44,0.438,0.438,0.445,0.444,0.449,0.441,0.448,0.001,0.006,0.014,0.026,0.038,0.044,0.051,0.057,0.074,0.086,0.099,0.109,0.117,0.13,0.146,0.166,0.188,0.205,0.228,0.246,0.264,0.276,0.282,0.291,0.301,0.308,0.321,0.326,0.329,0.334,0.341,0.348,0.358,0.355,0.358,0.358,0.365,0.365,0.365,0.364,0.365,0.361,0.364,0.366,0.369,0.374,0.375,0.38,0.379,0.388,0.389,0.392,0.392,0.39,0.403,0.401,0.403,0.407,0.405,0.41,0.403,0.406,
G,4,Sample X53,0.039,0.042,0.05,0.069,0.083,0.093,0.093,0.105,0.123,0.142,0.152,0.16,0.172,0.18,0.195,0.21,0.224,0.24,0.261,0.275,0.283,0.295,0.303,0.312,0.32,0.331,0.337,0.344,0.353,0.354,0.364,0.368,0.378,0.382,0.383,0.383,0.388,0.386,0.385,0.384,0.385,0.379,0.381,0.381,0.403,0.387,0.386,0.393,0.409,0.397,0.399,0.402,0.404,0.404,0.414,0.411,0.412,0.413,0.42,0.422,0.416,0.422,0.002,0.009,0.018,0.036,0.053,0.06,0.063,0.074,0.093,0.11,0.121,0.128,0.137,0.148,0.16,0.176,0.192,0.208,0.228,0.24,0.248,0.26,0.269,0.277,0.287,0.297,0.304,0.309,0.318,0.321,0.33,0.334,0.344,0.346,0.348,0.347,0.353,0.353,0.349,0.35,0.35,0.342,0.344,0.343,0.366,0.35,0.349,0.357,0.373,0.363,0.363,0.367,0.369,0.367,0.376,0.374,0.377,0.374,0.38,0.382,0.379,0.38,
G,5,Sample X54,0.038,0.04,0.045,0.063,0.066,0.072,0.074,0.079,0.091,0.112,0.123,0.134,0.147,0.163,0.174,0.193,0.212,0.23,0.256,0.28,0.309,0.319,0.324,0.338,0.342,0.352,0.367,0.378,0.385,0.385,0.396,0.403,0.406,0.414,0.416,0.423,0.43,0.423,0.43,0.427,0.428,0.433,0.431,0.435,0.435,0.433,0.43,0.436,0.441,0.442,0.447,0.447,0.445,0.451,0.457,0.457,0.457,0.461,0.462,0.467,0.462,0.47,0.001,0.007,0.013,0.03,0.036,0.039,0.044,0.048,0.06,0.079,0.092,0.102,0.113,0.13,0.139,0.159,0.18,0.198,0.222,0.245,0.274,0.284,0.29,0.303,0.308,0.318,0.334,0.344,0.349,0.351,0.362,0.368,0.372,0.379,0.382,0.387,0.395,0.39,0.394,0.392,0.393,0.396,0.394,0.398,0.398,0.396,0.393,0.4,0.405,0.408,0.41,0.412,0.409,0.414,0.419,0.419,0.422,0.423,0.422,0.427,0.424,0.429,
G,6,Sample X55,0.038,0.039,0.045,0.06,0.063,0.07,0.073,0.079,0.09,0.114,0.126,0.136,0.154,0.163,0.182,0.203,0.225,0.241,0.271,0.295,0.322,0.336,0.344,0.357,0.366,0.374,0.389,0.398,0.411,0.41,0.42,0.425,0.434,0.444,0.446,0.446,0.446,0.448,0.455,0.451,0.457,0.45,0.458,0.455,0.465,0.462,0.461,0.459,0.47,0.471,0.473,0.477,0.477,0.478,0.487,0.487,0.49,0.493,0.495,0.501,0.496,0.502,0.002,0.006,0.013,0.028,0.033,0.037,0.043,0.048,0.06,0.081,0.095,0.104,0.12,0.131,0.147,0.17,0.193,0.21,0.238,0.26,0.288,0.3,0.31,0.322,0.332,0.34,0.356,0.363,0.376,0.377,0.387,0.39,0.4,0.408,0.412,0.41,0.411,0.415,0.418,0.416,0.422,0.413,0.421,0.418,0.427,0.425,0.424,0.422,0.435,0.437,0.437,0.442,0.441,0.441,0.45,0.45,0.455,0.455,0.455,0.461,0.458,0.461,
G,7,Sample X56,0.039,0.039,0.048,0.066,0.077,0.084,0.088,0.091,0.105,0.116,0.127,0.137,0.145,0.157,0.177,0.195,0.213,0.226,0.251,0.273,0.294,0.308,0.31,0.321,0.332,0.343,0.349,0.358,0.364,0.367,0.378,0.381,0.385,0.393,0.393,0.393,0.398,0.394,0.401,0.396,0.396,0.395,0.397,0.398,0.409,0.406,0.403,0.405,0.418,0.415,0.417,0.424,0.425,0.425,0.434,0.432,0.432,0.44,0.446,0.442,0.442,0.453,0.003,0.006,0.016,0.033,0.047,0.052,0.058,0.059,0.075,0.084,0.096,0.105,0.111,0.124,0.143,0.162,0.181,0.194,0.217,0.238,0.26,0.273,0.276,0.285,0.298,0.309,0.315,0.323,0.329,0.334,0.344,0.346,0.351,0.357,0.359,0.357,0.363,0.361,0.364,0.361,0.361,0.358,0.36,0.361,0.372,0.369,0.366,0.369,0.383,0.381,0.38,0.389,0.39,0.388,0.397,0.395,0.397,0.402,0.406,0.402,0.404,0.411,
G,8,Sample X57,0.04,0.038,0.048,0.064,0.077,0.082,0.084,0.089,0.1,0.114,0.133,0.141,0.148,0.157,0.184,0.199,0.217,0.233,0.263,0.285,0.305,0.318,0.328,0.344,0.351,0.364,0.376,0.384,0.394,0.398,0.408,0.413,0.426,0.428,0.429,0.434,0.44,0.436,0.434,0.435,0.435,0.438,0.432,0.436,0.438,0.439,0.439,0.441,0.441,0.446,0.452,0.455,0.459,0.46,0.466,0.467,0.469,0.477,0.477,0.477,0.472,0.48,0.003,0.005,0.016,0.032,0.046,0.05,0.054,0.058,0.07,0.082,0.103,0.109,0.114,0.125,0.15,0.166,0.185,0.201,0.229,0.251,0.271,0.282,0.294,0.308,0.317,0.33,0.343,0.349,0.359,0.365,0.374,0.379,0.392,0.392,0.394,0.398,0.405,0.403,0.398,0.4,0.4,0.401,0.395,0.399,0.401,0.402,0.402,0.404,0.406,0.412,0.416,0.42,0.424,0.423,0.428,0.429,0.434,0.439,0.437,0.438,0.434,0.439,
G,9,Sample X58,0.037,0.037,0.046,0.059,0.063,0.076,0.071,0.086,0.096,0.111,0.115,0.128,0.138,0.147,0.168,0.185,0.203,0.224,0.252,0.276,0.292,0.309,0.316,0.328,0.338,0.351,0.364,0.363,0.375,0.383,0.388,0.397,0.407,0.413,0.409,0.418,0.422,0.419,0.423,0.419,0.421,0.424,0.42,0.424,0.424,0.426,0.428,0.432,0.432,0.434,0.438,0.435,0.44,0.442,0.447,0.446,0.451,0.458,0.458,0.458,0.457,0.461,338.889E-6,0.004,0.014,0.026,0.033,0.043,0.041,0.055,0.065,0.078,0.084,0.096,0.104,0.115,0.133,0.152,0.171,0.193,0.219,0.241,0.257,0.273,0.282,0.293,0.305,0.317,0.331,0.329,0.34,0.35,0.354,0.362,0.373,0.377,0.375,0.383,0.386,0.385,0.386,0.384,0.386,0.387,0.383,0.387,0.387,0.389,0.391,0.396,0.397,0.4,0.402,0.4,0.405,0.405,0.41,0.409,0.416,0.419,0.418,0.419,0.419,0.419,
G,10,Sample X59,0.037,0.036,0.046,0.061,0.067,0.071,0.074,0.082,0.094,0.118,0.125,0.136,0.149,0.152,0.183,0.202,0.221,0.239,0.265,0.292,0.305,0.321,0.328,0.336,0.345,0.354,0.364,0.373,0.381,0.383,0.388,0.393,0.398,0.409,0.409,0.414,0.412,0.416,0.418,0.415,0.42,0.419,0.422,0.424,0.433,0.43,0.426,0.434,0.444,0.443,0.445,0.45,0.451,0.45,0.461,0.458,0.462,0.464,0.464,0.467,0.466,0.469,538.889E-6,0.003,0.014,0.029,0.036,0.039,0.044,0.05,0.064,0.085,0.094,0.104,0.114,0.119,0.149,0.168,0.189,0.207,0.231,0.258,0.271,0.285,0.294,0.3,0.311,0.32,0.331,0.339,0.345,0.35,0.354,0.358,0.364,0.373,0.375,0.378,0.377,0.383,0.382,0.381,0.385,0.382,0.385,0.387,0.395,0.393,0.389,0.398,0.408,0.409,0.409,0.415,0.416,0.413,0.424,0.42,0.427,0.426,0.424,0.427,0.428,0.428,
G,11,Sample X60,0.037,0.037,0.042,0.051,0.06,0.063,0.064,0.074,0.085,0.096,0.101,0.11,0.121,0.128,0.154,0.174,0.191,0.211,0.242,0.261,0.288,0.307,0.318,0.333,0.342,0.351,0.36,0.371,0.384,0.386,0.393,0.399,0.399,0.414,0.416,0.424,0.436,0.435,0.44,0.442,0.443,0.448,0.448,0.454,0.447,0.458,0.461,0.463,0.462,0.466,0.472,0.472,0.48,0.481,0.484,0.486,0.485,0.496,0.496,0.501,0.493,0.502,738.889E-6,0.004,0.01,0.019,0.03,0.031,0.034,0.042,0.055,0.064,0.07,0.078,0.087,0.096,0.119,0.14,0.159,0.179,0.209,0.226,0.254,0.272,0.284,0.298,0.308,0.317,0.326,0.337,0.349,0.352,0.359,0.364,0.365,0.378,0.382,0.388,0.4,0.402,0.403,0.407,0.407,0.411,0.411,0.417,0.41,0.421,0.424,0.426,0.427,0.432,0.435,0.437,0.445,0.444,0.447,0.449,0.45,0.458,0.456,0.462,0.455,0.461,
G,12,Blank B,0.031,0.032,0.032,0.029,0.03,0.032,0.031,0.03,0.028,0.03,0.032,0.044,0.034,0.03,0.033,0.032,0.03,0.033,0.034,0.033,0.034,0.035,0.032,0.045,0.032,0.032,0.032,0.032,0.035,0.031,0.032,0.037,0.032,0.033,0.033,0.034,0.034,0.032,0.037,0.035,0.031,0.032,0.034,0.034,0.034,0.034,0.035,0.036,0.034,0.033,0.04,0.036,0.038,0.037,0.041,0.037,0.038,0.043,0.039,0.037,0.035,0.038,,,,,,,,,,,,,,,,,,,,,,,,,,,,,,,,,,,,,,,,,,,,,,,,,,,,,,,,,,,,,,,
H,1,Blank B,0.034,0.031,0.031,0.033,0.028,0.031,0.028,0.03,0.029,0.032,0.03,0.03,0.034,0.031,0.034,0.032,0.031,0.03,0.033,0.03,0.036,0.033,0.031,0.034,0.03,0.033,0.029,0.035,0.036,0.03,0.032,0.032,0.03,0.035,0.034,0.032,0.034,0.031,0.035,0.035,0.031,0.032,0.033,0.034,0.035,0.037,0.034,0.033,0.036,0.031,0.034,0.033,0.035,0.031,0.036,0.036,0.033,0.034,0.037,0.033,0.034,0.037,,,,,,,,,,,,,,,,,,,,,,,,,,,,,,,,,,,,,,,,,,,,,,,,,,,,,,,,,,,,,,,
H,2,Blank B,0.035,0.031,0.031,0.03,0.032,0.031,0.027,0.029,0.029,0.033,0.031,0.029,0.033,0.029,0.034,0.031,0.031,0.031,0.03,0.034,0.037,0.04,0.031,0.034,0.033,0.032,0.032,0.033,0.035,0.03,0.034,0.033,0.03,0.036,0.033,0.033,0.034,0.033,0.035,0.033,0.03,0.031,0.034,0.035,0.032,0.035,0.033,0.032,0.034,0.033,0.034,0.033,0.033,0.032,0.033,0.033,0.033,0.035,0.036,0.035,0.033,0.037,,,,,,,,,,,,,,,,,,,,,,,,,,,,,,,,,,,,,,,,,,,,,,,,,,,,,,,,,,,,,,,
H,3,Blank B,0.037,0.034,0.033,0.035,0.034,0.032,0.033,0.032,0.03,0.033,0.031,0.032,0.035,0.034,0.038,0.037,0.032,0.033,0.034,0.036,0.036,0.036,0.035,0.036,0.034,0.036,0.034,0.032,0.038,0.035,0.036,0.035,0.033,0.035,0.033,0.034,0.033,0.034,0.036,0.034,0.035,0.036,0.036,0.038,0.035,0.037,0.036,0.035,0.032,0.033,0.036,0.035,0.035,0.035,0.038,0.035,0.033,0.036,0.038,0.036,0.036,0.039,,,,,,,,,,,,,,,,,,,,,,,,,,,,,,,,,,,,,,,,,,,,,,,,,,,,,,,,,,,,,,,
H,4,Blank B,0.038,0.037,0.035,0.032,0.03,0.032,0.03,0.031,0.031,0.034,0.03,0.03,0.036,0.033,0.033,0.034,0.032,0.032,0.033,0.031,0.034,0.034,0.032,0.035,0.033,0.034,0.03,0.036,0.035,0.033,0.034,0.034,0.035,0.036,0.036,0.034,0.035,0.034,0.037,0.032,0.034,0.037,0.034,0.036,0.035,0.037,0.034,0.033,0.035,0.034,0.038,0.033,0.034,0.036,0.038,0.034,0.036,0.036,0.038,0.038,0.035,0.038,,,,,,,,,,,,,,,,,,,,,,,,,,,,,,,,,,,,,,,,,,,,,,,,,,,,,,,,,,,,,,,
H,5,Blank B,0.036,0.034,0.033,0.033,0.03,0.033,0.028,0.031,0.03,0.032,0.029,0.031,0.034,0.032,0.034,0.032,0.033,0.033,0.032,0.035,0.035,0.035,0.032,0.035,0.034,0.034,0.034,0.031,0.037,0.032,0.034,0.035,0.036,0.036,0.033,0.035,0.034,0.03,0.036,0.034,0.035,0.036,0.035,0.035,0.037,0.038,0.034,0.033,0.032,0.034,0.036,0.034,0.035,0.034,0.037,0.036,0.033,0.035,0.037,0.035,0.035,0.039,,,,,,,,,,,,,,,,,,,,,,,,,,,,,,,,,,,,,,,,,,,,,,,,,,,,,,,,,,,,,,,
H,6,Blank B,0.036,0.033,0.032,0.031,0.029,0.032,0.03,0.031,0.028,0.028,0.03,0.03,0.035,0.031,0.033,0.033,0.031,0.031,0.03,0.032,0.035,0.034,0.031,0.035,0.032,0.032,0.032,0.033,0.036,0.032,0.032,0.034,0.033,0.035,0.032,0.032,0.035,0.031,0.033,0.032,0.036,0.033,0.035,0.032,0.038,0.036,0.033,0.035,0.034,0.035,0.035,0.033,0.035,0.033,0.035,0.034,0.03,0.035,0.036,0.038,0.035,0.037,,,,,,,,,,,,,,,,,,,,,,,,,,,,,,,,,,,,,,,,,,,,,,,,,,,,,,,,,,,,,,,
H,7,Blank B,0.035,0.034,0.029,0.033,0.027,0.031,0.03,0.029,0.03,0.029,0.03,0.029,0.034,0.03,0.033,0.031,0.031,0.03,0.034,0.034,0.034,0.037,0.03,0.031,0.032,0.034,0.033,0.032,0.036,0.033,0.031,0.032,0.031,0.035,0.033,0.031,0.035,0.031,0.035,0.034,0.033,0.033,0.034,0.033,0.037,0.037,0.036,0.034,0.033,0.031,0.033,0.033,0.035,0.034,0.035,0.035,0.033,0.035,0.037,0.037,0.035,0.037,,,,,,,,,,,,,,,,,,,,,,,,,,,,,,,,,,,,,,,,,,,,,,,,,,,,,,,,,,,,,,,
H,8,Blank B,0.033,0.032,0.032,0.033,0.03,0.032,0.03,0.03,0.031,0.031,0.03,0.031,0.038,0.03,0.033,0.033,0.032,0.031,0.031,0.033,0.035,0.035,0.034,0.035,0.034,0.033,0.032,0.032,0.032,0.033,0.032,0.033,0.035,0.035,0.035,0.034,0.033,0.032,0.036,0.036,0.031,0.035,0.034,0.034,0.034,0.036,0.036,0.036,0.035,0.031,0.036,0.035,0.033,0.033,0.034,0.034,0.035,0.036,0.037,0.038,0.036,0.035,,,,,,,,,,,,,,,,,,,,,,,,,,,,,,,,,,,,,,,,,,,,,,,,,,,,,,,,,,,,,,,
H,9,Blank B,0.039,0.036,0.035,0.032,0.032,0.034,0.031,0.031,0.033,0.031,0.031,0.032,0.036,0.03,0.034,0.034,0.033,0.031,0.034,0.034,0.036,0.037,0.071,0.036,0.035,0.035,0.034,0.037,0.038,0.034,0.035,0.034,0.035,0.033,0.036,0.081,0.035,0.034,0.038,0.036,0.035,0.037,0.036,0.036,0.036,0.034,0.049,0.036,0.036,0.033,0.039,0.034,0.035,0.034,0.038,0.037,0.036,0.039,0.037,0.04,0.036,0.049,,,,,,,,,,,,,,,,,,,,,,,,,,,,,,,,,,,,,,,,,,,,,,,,,,,,,,,,,,,,,,,
H,10,Blank B,0.036,0.034,0.034,0.034,0.031,0.034,0.029,0.031,0.03,0.031,0.031,0.031,0.034,0.028,0.035,0.034,0.031,0.032,0.034,0.033,0.033,0.033,0.033,0.034,0.036,0.034,0.033,0.037,0.037,0.034,0.034,0.036,0.033,0.035,0.034,0.042,0.035,0.034,0.035,0.033,0.033,0.037,0.035,0.034,0.035,0.037,0.037,0.036,0.036,0.033,0.036,0.033,0.037,0.034,0.036,0.035,0.036,0.035,0.038,0.036,0.035,0.039,,,,,,,,,,,,,,,,,,,,,,,,,,,,,,,,,,,,,,,,,,,,,,,,,,,,,,,,,,,,,,,
H,11,Blank B,0.033,0.033,0.029,0.03,0.028,0.03,0.026,0.03,0.029,0.032,0.029,0.028,0.032,0.026,0.032,0.031,0.029,0.028,0.031,0.03,0.033,0.033,0.03,0.033,0.031,0.033,0.034,0.033,0.035,0.033,0.033,0.032,0.034,0.034,0.033,0.036,0.035,0.033,0.034,0.032,0.034,0.034,0.033,0.034,0.036,0.035,0.034,0.032,0.035,0.033,0.033,0.032,0.035,0.032,0.035,0.034,0.032,0.034,0.036,0.033,0.034,0.036,,,,,,,,,,,,,,,,,,,,,,,,,,,,,,,,,,,,,,,,,,,,,,,,,,,,,,,,,,,,,,,
H,12,Blank B,0.036,0.034,0.033,0.03,0.031,0.032,0.029,0.032,0.031,0.032,0.032,0.032,0.035,0.031,0.034,0.033,0.032,0.03,0.035,0.035,0.035,0.034,0.032,0.035,0.034,0.033,0.034,0.035,0.036,0.034,0.035,0.034,0.036,0.037,0.036,0.036,0.035,0.032,0.039,0.034,0.035,0.038,0.036,0.036,0.036,0.035,0.034,0.034,0.035,0.032,0.038,0.033,0.037,0.031,0.038,0.036,0.036,0.035,0.041,0.035,0.033,0.038,,,,,,,,,,,,,,,,,,,,,,,,,,,,,,,,,,,,,,,,,,,,,,,,,,,,,,,,,,,,,,,
